id,source,source_type,language,title,text,gold_label,original_label,notes
1,Arabic_Fake_News_Matsda2sh,real,ar,,"الإدعاء
- صورة منتشرة بشكل كبير مقسومة لنصفين، نصف فيه إحدى ضحايا هجوم نيوزيلندا الإرهابي، والنصف الآخر لامرأة محجبة باعتبارها هي الضحية دي، مع تعليق: ""عروس الجنة بإذن الله هذه أختنا في الله شهيدة مسجد النور بنيوزيلندا، الإرهابي أطلق عليه الرصاص ثم دهسها بسيارته، حسبنا الله ونعم الوكيل"".",,fake,
2,Arabic_Fake_News_Matsda2sh,real,ar,,"الإدعاء
- بوست منتشر بيقول: ""أنباء عن وفاة الست حلاوتهم"" السيدة حلاوتهم زينهم المصابة في التفجير الإرهابى بالدرب اﻷحمر ربنا يصبر أولادها يارب العالمين"".",,fake,
3,Arabic_Fake_News_Matsda2sh,real,ar,,"الإدعاء
- بوست منتشر بشكل كبير بيقول: ""عاااااااجل : موافقة مجلس النواب علي مشروع قانون يلزم المتزوج علي الجواز باخري مطلقه او ارمله او لم يسبق لها الزواج وذلك حرصا من الدوله علي القضاء علي نسبة العنوسه",,fake,
4,Arabic_Fake_News_Matsda2sh,real,ar,,"الإدعاء
- فيديو منتشر بشكل كبير جدًا (أكتر من 33 ألف شير وكومنت وريأكت)، نشرته شبكة ""رصد""، بيقول إن نجم الكرة النيجيرية السابق جاي جاي أوكوشا أعلن إسلامه واختار لنفسه اسم جديد هو ""محمد""، وإن إعلان إسلامه تم خلال تواجده في تركيا. وذاكرين إن المصدر هو موقع CNN TÜRK.",,fake,
5,Arabic_Fake_News_Matsda2sh,real,ar,,"الإدعاء
نشرت بعض الصفحات (خاصة السورية) على مواقع التواصل الاجتماعي فيديو لشاب يرتدي ملاءة بيضاء وكأنه شبح يركض وراء المسحراتي في حارة قيل إنها في سوريا وإن الأمر عبارة عن مقلب ثقيل الظل من الشاب.",,fake,
6,Arabic_Fake_News_Matsda2sh,real,ar,,"الإدعاء
- بوست منتشر بشكل كبير جدًا، بيقول: ""هل تعلم؟ حارس منتخب سيراليون يعمل كمزارع بلا نادي ولا يمارس كرة القدم الا عند الاستدعاء للمنتخب""، مٌرفق معه صورة حارس المرمى السيراليوني محمد كمارا.",,fake,
7,Arabic_Fake_News_Matsda2sh,real,ar,,"الإدعاء
تداولت بعض صفحات مواقع التواصل الاجتماعي فيديو لمدنيين قيل إنهم أردنيين يعبرون الحدود إلى فلسطين خلال حرب غزة المشتغل في مايو 2021",,fake,
8,Arabic_Fake_News_Matsda2sh,real,ar,,"الإدعاء
- تصميم منتشر بشكل كبير عليه لوجو موقع ""المصري اليوم""، وفيه تصريح منسوب لوزير الأوقاف محمد مختار جمعة، بيقول: ""وزير الأوقاف: إذا اقتضت مصلحة البلاد والعباد ان يحكمنا يهودي فلا حرج في ذلك"".",,fake,
9,Arabic_Fake_News_Matsda2sh,real,ar,,"الإدعاء
- بوست منتشر بشكل كبير، فيه صورة للسيسي، وهو يفتتح حضانة أطفال، في حي الأسمرات مع تعليق: ""السيسي نزل في الاجازة الدراسية يفتتح حضانة زي سوزان مبارك .. مش دي المشكلة إنما المشكلة انه وجد الطلاب حاضرين و الاساتذة .. الافلام السيساوية أم الافلام العربية"".",,fake,
10,Arabic_Fake_News_Matsda2sh,real,ar,,"الإدعاء
- بالتزامن مع تقديم نادي النصر السعودي لاعبه الجديد كريستيانو رونالدو، نشرت صفحة باسم ""Georgina Rodríguez""، صورة انتشرت بشكل كبير جدًا، لعارضة الأزياء الإسبانية جورجينا، صديقة رونالدو، تسير في الشارع وهي ترتدي الحجاب بصحبة أطفالها.",,fake,
11,Arabic_Fake_News_Matsda2sh,real,ar,,"الإدعاء
- تغريدة منتشرة بشكل كبير جدًا منسوبة للفنان محمد هنيدي، مكتوب فيها: ""فلانتاين ايه اللى عايزين تحتفلوا بيه ده مصر الاولى عالميا في نسب الطلاق والأولى بردو فى معلش نستحمل عشان العيال"".",,fake,
12,Arabic_Fake_News_Matsda2sh,real,ar,,"الإدعاء
- فيديو منتشر بشكل كبير جدًا لسيدة بتقول إن في حديث عن النبي محمد بيتكلم عن إن لو 15 رمضان وافق يوم جمعة، هتبدأ علامات يوم القيامة في الظهور، وهينزل مذنب على الأرض كل الناس هتحس به وهينتشر غاز الأمونيا لمدة 3 أيام، هيعمل للمسلم زكام وهيفجر دماغ غير المسلمين.",,fake,
13,Arabic_Fake_News_Matsda2sh,real,ar,,"الإدعاء
""حزب النور متمسك بالختان لأنه أمر أباحه الله وأباحه الرسول، ليه نجرم أمر أباحه الله ورسوله والعلماء عبر الزمان"" أحمد حمدي- عضو مجلس النواب عن حزب النور- برنامج الحكاية - MBC مصر https://www.youtube.com/watch?v=Ct-esDXtgaw",,fake,
14,Arabic_Fake_News_Matsda2sh,real,ar,,"الإدعاء
بوست منتشر بشكل كبير جدًا، بيقول: ""#عاجل الحكومه 26 فبراير هو موعد انتهاء اجازه الفصل الدراسي الاول بعد قرار مد اسبوع اضافي""، ومرفق معه تصميمات من مواقع إخبارية مذكور فيها نفس الكلام.",,fake,
15,Arabic_Fake_News_Matsda2sh,real,ar,,"الإدعاء
تزامنًا مع وفاة المشير محمد حسين طنطاوي، انتشر بوست بيحكي ""حقيقة انتخابات الرئاسة عام 2012 في جولة الإعادة بين مرسي وشفيق""، وبينقل البوست على لسان المشير طنطاوي إن الفريق شفيق هو من فاز بالانتخابات بفارق 750 ألف صوت، لكن تم إعلان فوز مرسي خوفًا من الجماعات الإرهابية التي كانت تبعث برسائل تهديد.",,fake,
16,Arabic_Fake_News_Matsda2sh,real,ar,,"الإدعاء
""ترتيب الدول (في أعداد السياح) عام 2022…إزاي سوريا اللي الرئيس بيعايرنا طول ليل ونهار بها… تبقى 8.5 مليون سائح وإحنا عندنا…5.25 مليون"".
عماد البحيري - مقدم برنامج ""إيه الحكاية"" - قناة ""الشرق""",,fake,
17,Arabic_Fake_News_Matsda2sh,real,ar,,"الإدعاء
- صورة منتشرة بشكل كبير جدًا لأنبوب ضخم وسط البحر، مع تعليق بيقول: ""اللحظات الأولى لتشغيل أول خط غاز مصري لتغذية أوروبا""، ومُرفق مع البوست لينك فيديو على يوتيوب.",,fake,
18,Arabic_Fake_News_Matsda2sh,real,ar,,"الإدعاء
تغريدة منتشرة بشكل كبير جدًا من حساب باسم الدكتورة ""إلهام فضالي""، بتقول: ""الحمد لله خبر جميل على الصبح النهاردة فوزت بأهم كشف فيزيائي لعام 2021 و تم ترشيحي لجائزة نوبل في الفيزياء"".",,fake,
19,Arabic_Fake_News_Matsda2sh,real,ar,,"الإدعاء
- بوست منتشر بشكل كبير، بيقول: ""هو حقيقي من بداية شهر 7 كتب الكتاب المأذون هياخد 15 الف جنيه"".",,fake,
20,Arabic_Fake_News_Matsda2sh,real,ar,,"الإدعاء
- تصميم منتشر بشكل كبير جدًا، عليه لوجو موقع ""الشروق""، ومكتوب فيه تصريحات منسوبة للبابا تواضروس الثاني، بيقول فيها: ""حزنت على مقتل شيرين أبو عاقلة، وكنت أودّ أن ألقاها في الملكوت، ولكنّها للأسف لن تدخله لأنها أرثوذكسيّة وليست كاثوليكية"".❌❌",,fake,
21,Arabic_Fake_News_Matsda2sh,real,ar,,"الإدعاء
قال الإعلامي سيد توكل في برنامج مساء القاهرة المذاع على قناة مكملين: ""الكتاب ده (مذكرات جندي مصري على جبهة قناة السويس) ممنوع من النشر، يعني لو جيت تدور عليه في المكتبات مش هتلاقيه لإنه بيرصد فترة من فترات الصندوق الأسود في تاريخ العسكرية المصرية اللى هى فترة حر الاستنزاف""",,fake,
22,Arabic_Fake_News_Matsda2sh,real,ar,,"الإدعاء
""صافي أصول البنوك المصرية بالعملة الصعبة تخطى بالسالب 24 مليار دولار.. هتروح تسحب دولاراتك من البنك مش هتلاقيهم.. لو هتروح تاخد دولاراتك في الغالب هيقول لك خد رقم هزلي بالدولار والباقي خدها بالمصري"" 
عمرو واكد - ممثل مصري",,fake,
23,Arabic_Fake_News_Matsda2sh,real,ar,,"الإدعاء
مش عارفين إيه حكاية الناس مع فريق يوفنتوس. من كام يوم بوفون كان الظابط عماد بيه غباشي، والنهارده أليغري بقى الإخواني مسعود الحناوي😂😂
- احنا بنحاول نتجاهل ده ونقول الناس بتهزر لكن لما بنلاقي انتشار كبير للبوستات دي وناس كتير بتصدق للاسف، بنتعامل معاها بجد.😀😀
-صفحة اسمها ""كلنا رجال الشرطة المصرية"" ناشرة صورة بتقول إنها لـ""مسعود الحناوي أحد قيادات جماعة الاخوان الإرهابية وتم القبض عليه النهارده أثناء إحدى العمليات في سيناء وعند القبض عليه شتم الرئيس عبد الفتاح السيسي ورفع شعار رابعة في وجه
الظابط"".❌❌",,fake,
24,Arabic_Fake_News_Matsda2sh,real,ar,,"الإدعاء
- صورة منتشرة بشكل كبير لطائرة أرضيتها زجاجية، مع تعليق: ""شركة خطوط الطيران العالمية فيرجن تبتكر أول طائرة ذات أرضية زجاجية شفافة لتمكن الركاب من التمتع بمشاهدة فريدة طوال الرحلة"".",,fake,
25,Arabic_Fake_News_Matsda2sh,real,ar,,"الإدعاء
- نشرت مواقع وصفحات إخبارية عدة خبرًا يفيد بإصابة حارس المنتخب الألماني وفريق بايرن ميونخ، مانويل نوير، بسرطان الجلد و""خضوعه لـ3 عمليات جراحية""، وهو الخبر الذي انتشر بشكل كبير عبر مواقع التواصل الاجتماعي، وفُهم منه إنه إصابة حديثة، وأثار الشكوك حول قدرة نوير على المشاركة في كأس العالم 2022.",,fake,
26,Arabic_Fake_News_Matsda2sh,real,ar,,"الإدعاء
نشرت بعض صفحات مواقع التواصل الاجتماعي مقطعًا ادعى ناشروه أنه يصور فردًا من حركة حماس يهدد بتفجير كنيسة في مصر
الفيديو الأصلي المقتطع من سياقه:


#ISIS pledges to kill all Christians in #Egypt new propaganda video.#Christian #Jesus #Church #Copts pic.twitter.com/7z2GYa4T37
— Chris Tomson (@TheDaneChris) February 19, 2017",,fake,
27,Arabic_Fake_News_Matsda2sh,real,ar,,"الإدعاء
بوست منتشر بشكل كبير جدًا فيه تصريح منسوب لوزير الدفاع التركي خلوصي أكار بيقول فيه: ""أقول للسيسي الذي يهددنا.. إننا قادرون على احتلال بلاده في 6 ساعات"".",,fake,
28,Arabic_Fake_News_Matsda2sh,real,ar,,"الإدعاء
تصميم منتشر بشكل كبير لصفحة ""الجزيرة - مصر""، مكتوب فيه: ""بوتين يهنئ قادة تحالف النيتو بمناسبة اليوم العالمي للمرأة"". ❌❌",,fake,
29,Arabic_Fake_News_Matsda2sh,real,ar,,"الإدعاء
بوست منتشر بيقول: #لما_الجزيرة_تبقي_متغاظة - ""وزير الدفاع السوداني المنقلب هو من اب سوداني وأم يهودية اسمها راشيل ليشع من يهود إثيوبيا وتلقى تمويلا من السيسي لعزل البشير وسجنه""..",,fake,
30,Arabic_Fake_News_Matsda2sh,real,ar,,"الإدعاء
- بوست منتشر بشكل كبير جدًا، ومعاه مجموعة من الصور لحادث إطلاق نار على سيارة وواضح إن في ضحايا، بيقول: ""مقتل مدرب منتخب جنوب افريقيا بعد عودته من بطولة أمم أفريقيا"".",,fake,
31,fake-real-arabic-news,real,ar,,أعلنت البرتغال رسمي  ا عن وفاة طفل يبلغ 14 عاما  متأثرا  بفايروس كورونا  رغم أنه رياضي  ولم يكن لديه أي ة مشاكل صحية,,fake,
32,fake-real-arabic-news,real,ar,,اوباما الذى راعى الارهاب كاسلافه ممن سبقوه  يضحك مع بلادن الذى صنعه الامريكان وال سى اى ايه وقتلوه لانتهاء مهمته غدر,,fake,
33,fake-real-arabic-news,real,ar,,لماذا عرج بالنبى من  القدس وليس من  مكة   ولماذا يصعد المكوك الفضائى  الروسى من  كازاخستان وليس من  روسيا رغم التكلفة العالية جدا ماديا   أكد الدكتور علي منصور كيالي الباحث و الفيزيائي السوري أن  أبواب_السماء ذات حراسة مشددة لا يستطيع مردة الجن و الشياطين المرور من خلالها   بينما يستطيع رواد الفضاء الولوج من خلالها تسهيلا  من  الحق  سبحانه لعـال ـم الأنس حتى يريهم آياته العظيمة في الآفاق كما أشارت إلى ذلك الآية الكريمة  و أوضح أن السماء ليس فضاء مفتوحا    كما يعتقد البعض و إنما فيها   أبواب   لا يمكن العـروج إلا  من خـلالها,,fake,
34,fake-real-arabic-news,real,ar,,السيسي يعرض على البنك الدولي سداد الديون بضعة ملاين من المواطنين الزائدين عن الحاجة عرض الرئيس المصري عبد الفتاح السيسي على مجلس إدارة مجموعة البنك الد  ولي سداد كافة الديون المتراكمة على مصر منذ سنين طويلة مقابل بضعة ملاين من المواطنين المصرين الزائدين عن حاجته وتشير مصادر مقر  بة من عبد الفتاح إلى أن  ه فك ر بأكثر من حل  مبتكر قبل لجوئه إلى بيع المواطنين  فقطع المواد عن الأسواق ثم رفع أسعارها وباع الج زر وزاد الضرائب لدرجة تأثيرها على مستوى معيشة المسؤولين  كما عرض نفسه لبيع ولكن أحدا  لم يشتره وبعد تفكير عميق اكتشف أن   الوسيلة الأمثل لتخلص من الديون إلى الأبد تكمن في نور عينيه  فهم ثروة مصر الحقيقي  ة  ولديه الكثير منهم  فلا يخشى خطر انقراضهم في المدى المنظور  من جهته  أك  د عبد أنه لم يكن ليبيع مواطنيه لولا الظروف الصعبة التي تعيشها أم   الدنيا  إذ لا زلنا بحاجتهم لعمل كحراس وخدم وسائقين ومزارعين وعم ال في منشآت الجيش  فضلا  عن دورهم الهام في الأجهزة الأمني ة والمخابرات والنخاسة  إلا أن   إلحاح موظفي البنك الدولي بالس  داد أجبرنا على استخدام الأيدي العاملة كعملة بدلا  من الأوراق النقدية إلى أن تفرج الأزمة  كما عرض عبد على البنك الدولي عد ة ط رق  لاستفادة من المواطنين  يمكن الاحتفاط بهم كرهائن ريثما نتمك ن من سداد الديون  إن شاء اله  أو تصديرهم حول العالم وتشغيلهم كعبيد  وافدين  أو حتى فرطهم وبيع كلاويهم وقرنياتهم وعظامهم وأوردتهم وشراينهم وقلوبهم ونخاعاتهم وأمعائهم الغليظة والدقيقة كقطع غيار وهي أمور لا تعارض مع حقوق الإنسان المصري لأنا هيأناه لتقب ل مثل هذه الأشياء  وأضاف  نحن سعداء بتقديم عروض  منافسة لأحبائنا في البنك الدولي  مثل مقايضة كل مئة دولار بخمسة أو ستة مواطنين مع ح زمة من الم عارضين  والمثلين مجانا    تحملنا كاف ة مصاريف الشحن إن قبلوا أخذ س كان م حافظة كاملة  أما عرض الإخوان المسلمين  فيشمل دفع مبالغ مالي ة لبنك مقابل تخليصنا منهم   يبقى العرض ساريا  حتى وفاة الم عارضين أو إعدامهم,,fake,
35,fake-real-arabic-news,real,ar,,الحكومة تمو ل أبحاثا  لمكافحة علاج الألزهايمر لتساعد المواطنين على نسيان همومهم سامر عسفيكة   مراسل كشف مصدر  رسمي   رفيع  مجازا  وثخين  على أرض الواقع عن خطة حكومي  ة لتمويل أبحاث طبية تهدف إلى مكافحة علاج مرض الألزهايمر  سعيا  منها لم ساعدة أكبر قدر من المواطنين على نسيان همومهم واقعهم بواسطة هذا المرض الحميد وقال المصدر إن   نسيان المواطنين حق هم في امتلاك حد   أدنى من العيش الكريم سيمنح الحكومة فرصة خفض الإنفاق الحكومي على الخدمات العام ة والبنى التحتي ة المتردية  وتركيز الإنفاق الحكومي على ملف ات أكثر أهمية  مثل أعضاء الحكومة المبج لين وأك د المصدر أن   وقف علاج المرض سيدعم قدرة المواطنين على عدم تذكر حقوقهم وظروفهم المعيشية البائسة  والتي تدفعهم عادة لقيام بتصرفات طائشة كالمظاهرات والاحتجاجات لمطالبة بها  وهو ما سيزيل عن ا عبء قمعهم والتنكيل بهم لمساعدتهم على النسيان  وعن الجوانب المدم رة التي قد تعود من تفشي الألزهايمر  يوضح المصدر  من المكن أن ينسى المواطنون اسم القائد المفد ى  لا سمح اله  أو إنجازاته و مآثره  وهو أثر جانبي بسيط لا يقارن بالفوائد المتحقة  ومن السهل علاجه بث خطابات القائد على التلفاز ورفع صوره في كل مكان وعقد جلسات توعوية لتذكير به,,fake,
36,fake-real-arabic-news,real,ar,,الولايات المتحدة تقصف الجيش السوري لاختبار مدى التزامهم بالهدنة شن  الأمريكان والتحالف الدولي هجوما  على مواقع خاضعة لسيطرة النظام السوري  لقياس مدى التزامهم بالهدنة وقدرتهم على الصبر وضبط النفس وكانت الولايات المتحدة وروسيا قد خاضتا  منذ بداية الثورة السورية  معارك دبلوماسية شرسة وعنيفة  إلى أن توص لتا أخيرا  إلى هدنة مؤق تة لنصف ساعة  قابلة لتمديد إلى حين الاتفاق على الجهة الأجدر بالدعم والجهة التي تستحق الموت ويقول الناطق الرسمي باسم الخارجية الأمريكية إن  هذا الهجوم لا يعدو عن كونه نيرانا  صديقة  فنحن بحاجة لشركاء سلام حقيقين  ومن شأن هذه الضربات كشف معدن شركائنا ومدى تمس كهم بمساعينا السلمي ة  لم نقتل سوى ستين جنديا  وذلك شيء طبيعي في حالة الحرب  فالسلام  كما نعرف  ليس بالمج ان  وأضاف  نحن نساعد الإرهابين على التمد والانتشار في كل مكان  لنتمك ن من ضربهم لاحقا  دون أن يعيقنا الجيش والمعارضة والمدنيون  فكونا نواجه صعوبات في تميز الجماعات  غير الإرهابية  عن  الجماعات الإرهابية   لأن أفضل طريقة لإنهاء الحرب هي القضاء عليهم جميعا   وعندما ينتهي كل شيء  سنبني الحدائق والمدارس ورياض الأطفال لتبدأ الحياة من جديد  من جانبه  أك د الناطق باسم الرئاسة السورية أن هم ملتزمون بالهدنة وقف إطلاق النار  إل ا أنهم لن يحتفظوا بحق الرد لحفاظ على الهدنة  وسيعطونه لروس هذه المر ة ليتمك نوا من القيام بما يلزم في حلب وغيرها من مواقع المعارضة,,fake,
37,fake-real-arabic-news,real,ar,,عاجل من القناة الصينية الاولى دخول 20 مليون صيني في الدين الاسلامي بعد أن ثبت أن وباء كورونا لا يصيب المسلمين,,fake,
38,fake-real-arabic-news,real,ar,,والد  يلعن شرفي إن كنت أعلم من أين تعل م ابني القو اد كلماته البذيئة نفى الأب  سميح الدعبر  لمدير المدرسة التي يزورها ابنه  رزين الدعبر  أي علم  له بمصدر الكلمات البذيئة التي ينطق بها ابنه القواد  مؤك د ا أن ه عمل جاهدا  على تربيته على الأخلاق الحميدة  بل أنه كان يفضح عرضه شخصيا  حين يسمعه يتفو ه بكلمات نابية ويقول الأب  لا أعلم من ابن القحبة المخصي قليل الشرف الذي شو ه أخلاق ابني وعل مه تلك الكلمات النابية  واله لو عرفته سأتعرص له في الشارع أمام الجميع  وأسمعه كلاما  يليق بأمه العاهرة التي فشلت في تربيته  ويعتقد سميح أن مسؤولية الخل قد تعود على زوجته  كان عليها أن تراقب ابنها الخنزير خلال غيابي عن المنزل  فلا تدعه يخرج مع أولاد الوسخة من أبناء جيرانه عديمي الأخلاق مثلها  لكنها مشغولة بمشاركة جاراتها المومسات حفلات النميمة  ولا تعبأ بتربية ابنها وكأنه ابن زنا أنجبته سفاحا  من مارسة الرذيلة مع بائع الغاز  ويضيف  نبهتها ألف مرة على المسؤولية الملقاة على عاتقها  وأنها كالمدرسة تعد شعبا  طيب الأعراق  أما إن تصرفت كالقحبة وتخلت عن مسؤولياتها  فإنها ستعد جيلا  من القوادين الذين سيخزونا أمام الناس  عموما   لن أترك تلك العاهرة تفسد الولد بأخلاقها المنحط ة  وسأتولى مسؤولية تربيته بنفسي  وسأضربه بالحذاء على قفاه إن لم يصبح ذلك الكلب ابن الكلبة مهذ با    من جانبه  نفى الولد ما أشيع عن فساد أخلاقه  كل ما قيل لأبي هو محض افتراء  وأتحدى أيا  من الديوثين أن يثبت العكس  خصوصا  مدير المدرسة الذي يكرهني لما فعلته مع ابنته عندما واعدتها خلف سور مدرستها أخلاقي رفيعة كأخلاق أبي  ولعنة اله على جد تي إن كنت أكذب,,fake,
39,fake-real-arabic-news,real,ar,,شبيح يناشد النظام استعمال الكلور في الغوطة الشرقي ة لتنظيفها وجعلها ناصعة البياض ناشد الشبيح رفيق المفتولي قوات نظامه بإضافة كميات من غاز الكلور أثناء إجراء عمليات تطهير الغوطة الشرقي ة من الإرهابين  لضمان تنظيفها بشكل  جي د وإزالة الشوائب عنها وجعلها ناصعة البياض وقال رفيق إن  تلك المنطقة تعد  من أكثر بؤر الصراع التي استعصت على الزوال  رغم أن القائد جر ب عليها جميع الأساليب التقليدي ة  مثل رش ها بالقذائف والصواريخ وغمرها بالبراميل المتفج رة والمدفعي ة ودعكها بالغارات الجوي ة والقنابل العنقودي ة مرات  عديدة  إلا أنها بقيت ملوثة بالمسل حين وأعوانهم المدنين  الأمر الذي أحرجنا أمام العالم وأظهر رئيسنا وكأنه م قص ر  بالاهتمام بنظافة المناطق الم تاخمة لعاصمته  وأبدى رفيق ثقته بأن استخدام الكلور سي حق ق النتائج التي يتمناها رب  الأسرة السوري ة  سيادة الرئيس بشار الأسد  فقد أثبت الكلور نجاعته ليس فقط في غسيل الملابس والأثواب  بل وفي حسم العديد من الحروب والمعارك كالحرب العالمي ة الأولى والحرب العراقي ة الإيراني ة وفي قصف بلدة حلبجة  رغم اتساع ب قع الصراع في تلك الأماكن  كما أك د رفيق أن لكلور فوائد لا تواجد بالأسلحة التقليدي ة  فهو رخيص وسهل الاستعمال ومتوف ر بسهولة ولا يتأث ر بقرارات حظر الأسلحة وعلى عكس الأسلحة التقليدي ة التي ت دم ر ك ل شيء في طريقها  ي حافظ على سلامة الأبنية والبنية التحتي ة من شوارع وجسور وأنفاق لي عاد استخدامها م جد دا  وهي نظيفة وجميلة وخالية من البشر الذين كانوا يلوثونها,,fake,
40,fake-real-arabic-news,real,ar,,مقال في الصحافة الفرنسية   لا خوف على المنقبات لأن هن الأقل ع رضة لفيروس كورونا   حيث أنهن  لا يتبادلن الق بل للتحية أو يصافحون بالأيدي أو الأحضان ويلبسون القفازات   وفوق ذلك كل جسدهن مستور و نظيفة بالوضوء المستمر   وهي النصائح التي أطلقتها المتخصصون لتفادي العدوى  الحمد لله على نعمة الاسلام,,fake,
41,fake-real-arabic-news,real,ar,,أهالي قرية  البلينا  في سوهاج يلقون ميكروباصا  مدني  ا في النهر  كان ينقل عددا  من عناصر الشرطة المصرية إلى محافظة الأقصر,,fake,
42,fake-real-arabic-news,real,ar,,فريق من علماء الفضاء السعودين ي نزلون أول مركبة فضائية على كوكب الأرض قام فريق من علماء الفضاء السعودين صباح اليوم  بإنزال أول مركبة فضائية على أحد كواكب المجموعة الشمسية  والمعروف بكوكب  الأرض  وز و دت المركبة بأربع عجلات مستديرة الشكل  تمك نها من السير على أرض الكوكب  إضافة  إلى ألواح عازلة من مادة الزجاج  تمك ن الرك اب من رؤية ما حولهم دون الحاجة لمغادرتها ويبعد الكوكب نحو ألف سنة ضوئية عن مركز مجرة درب التبانة  ويمتاز بتسارع جاذبية مقداره   متر في الثانية  وبتوف ره على طبق الكبس ة وكمي ات من النفط ويرى مراقبون  أن هذا الإنجاز ما كان ليرى النور لولا مشيئة العلماء الأمريكان  الذين قاموا بتزويد الفريق بسيارة هامر لإنزالها على شوارع وصحاري الكوكب لكن الشيخ العر يفي   أحد العلماء الشيوخ المسؤولين عن هذه الرحلة  أك د بالمقابل أنه وعلى الرغم من أن مشيئة العلماء الأمريكان كانت ضرورية لتحصيل المركبة   إل ا أن مشيئة اله هي التي فرضت أن تكون مشيئة العلماء الأمريكان كذلك  وبالتالي ما زلنا رابحين في معركتنا مع الكفر والكف ار  وتمك ن العلماء الشيوخ السعوديون في فترة زمنية قياسية ب عيد الإنزال  من تحديد اتجاه القبلة على الكوكب  عن طريق استخدام البوصلة  وباتوا الآن قادرين على توفير مجموعة واسعة من التعليمات والفتاوى  التي تعلق بالجنس والطعام والشراب وأصول التيم م على الكوكب في حين ما زال الغرب عالقا  بقضايا الانحلال الأسري وتفك المجتمع  ومحاولاته العبثية لمعرفة أصل الكون والوجود ويأتي هذا الإنجاز  بعد أيام قليلة من قيام الفريق الأوروبي بالهبوط بنجاح على متن المذنب  الذي لا يبعد سوى بضعة مليارات الكيلومترات عن الأرض  الأمر الذي أك د العريفي على هامشي ته وما زال الغرب يحاول الحاق بالإنجازات السعودية المتابعة  كالس ماح لمرأة بقيادة المركبات على كوكب الأرض  والقدرة على استخراج وبيع النفط الخام  باستخدام الماكينات الأمريكية والعم ال الوافدين كأسلوب حياة     الشيخ العال م العريفي  أحد أهم شيوخ القرن الواحد والعشرين  يمتاز بلحية جذ ابة  مك نته من ركوب موجة الشهرة بعد حصوله على لقب ملك جمال الشيوخ ويشتهر العريفي بنشاطه على مواقع التواصل الإجتماعي  ومواقفه الحاسمة والقاطعة تجاه الغرب الكافر والشيعة والمسيحين والملحدين والمرأة وغير المسلمين  من سكان غرب آسيا ومجمل أفريقيا,,fake,
43,fake-real-arabic-news,real,ar,,هل تعلم ان العقرب هو حيوان لا يلد ولا يبيض  فكيف يتكاثر هذا الحيوان    تذهب انثى العقرب في مكانآ ما وحدها  ثم يحدث انفجار لظهرها   ويخرج الصغار من الظهر  تموت الام ويأكلون الصغار الام بعد موتها   هل تعلم ان العقرب إذا حاتطه النار يلدغ نفسه حتي الموت فقط قل  سبحان الله,,fake,
44,fake-real-arabic-news,real,ar,,هل تجوز الصلاة بعد شرب البيبسي     لا تستغرب السؤال اقرأ  ستقام عليكم الحجة إذا لم توضحوا ذلك للمسلمين  لن أشرب بيبسي بعد اليوم    حسبنا الله و نعم الوكيل أحذروا يا مسلمين أرجوكم أنشروا لأن الموضوع خطير جدا هل تجوز الصلاة بعد شرب البيبسي     هل نجح الأمريكيون بالفعل في أن يضحكوا على ٢ مليار مسلم وعربي   وجعلوهم يشربوا طوال السنين مشروباتهم الغازية المصنعة من أمعاء الخنزير    سؤال يطرح نفسه بقوة و يحتاج الى إجابة      حيث أن مجمع البحوث الإسلامية أرسل عينات من المياة الغازية   البيبسي كوكاكولا   لتحليل مادة البيبسين الأساسيه في تركيبها لمعرفة تركيب تلك المياة الغازية   المرة الأولى التي أثير فيها الموضوع كان في الخمسينات حين تبنى الفتوى حزب مصر    احمد حسين  التي صرح بها حول تحريم البيبسي والكوكاكولا   لاحتوائها على مادة البيبسين التي تستخرج من أمعاء الخنزير وأدى ذلك الى كساد اقتصادي هائل للشركة المنتجه وفرعها في مصر بعد إحجام الشعب عن الشراء   ويقول د  الشكعة أنه بغض  النظر عن المطالبة بالمقاطعة للمنتجات الأمريكية والصهيونية فإن الوقت قد حان لتحليل البيبسي في معامل خاصة ومتعددة مع ضمان سرية أسمائها حتى لا تتدخل يد الرشاوي والتسهيلات للعب بنتائج التحليل      وذكر د  الشكعة أنه عاش في امريكا 6 سنوات عرف خلالها   أن مادة البيبسين تستخرج من أمعاء الخنزير   لتساعد من يشربون المشروب على الهضم     أكثر من ٢مليار مسلم يتناولون الخنزير وقد تكون أنت واحد منهم   إن تحريم الإسلام لتناول لحم وشحم الخنزير يعد إعجازا علميا سابقا لعصره     فناهيك عن أن هذا الحيوان الخسيس يأكل النجاسات      وأنه أكثر الحيوانات دياثة حيث يرى أنثاه تنكح أمامه ولا يتحرك ولا يغار     فأمعائه النجسة موادا تعمل على انتشار سرطان القولون والمستقيم والبروستاتا والرحم والمرارة والثدي والبنكرياس       وما خفي كان أعظم     إلى أي مدى تعد مواد البيبسي العالية التركيز     ضارة      حيث تم رسم علامة المواد الحارقة على البرميل         وحسبنا الله ونعم الوكيل,,fake,
45,fake-real-arabic-news,real,ar,,رئيس نصف السودان يزور شقيقه رئيس ثلاثة أخماس سوريا وصل رئيس جمهوري  ة نصف السودان الم شير ع مر البشير إلى مطار دمشق في زيارة  رسمي  ة  التقى خلالها أخاه وشقيقه وحبيبه الدكتور الفريق أو  ل ركن الأمين العام لحزب البعث الرفيق الطليعي البطل بش  ار حافظ الأسد أبو حافظ رئيس ثلاثة أخماس سوريا ولقي الرئيس السوداني استقبالا  حافلا  من نظيره السوري  إذ إن  ها المر  ة الأولى التي يستقبل فيها الأخير زعيما  منذ اندلاع الأزمة  عدا بوتين  حتى وإن كان ي سيطر على نصف بلد فحسب  إل  ا أنه يأمل أن تشك  ل تلك الزيارة بداية لعودة سوريا إلى الساحة الدولي  ة  واستقبالها قادة آخرين  كرئيس إحدى حكومات ليبيا أو الرئيس اليمني أو الصومالي  وهكذا إلى أن يبادر لزيارته زعماء وازنون على غرار رئيس طاجيكستان واستعرض الرئيسان الإنجازات التي حقها البلدان خلال الفترة الماضية  حيث حرص البشير على تهنئة بش  ار بالخ مس الجديد الذي استعاده جيشه وحلفاؤه خلال السنة الأخيرة  م تمني ا  أن يراه المر  ة المقبلة وقد سيطر على أربعة أخماس سوريا  وأن يم د   اله بع مره ليرى ما لا يقل عن من الأراضي السوري  ة وقد أصبحت تحت يد سيادته فيما أشاد الرئيس بش  ار بحنكة وحكمة الرئيس البشير وعدم خسارته أي أجزاء جديدة منذ انفصال جنوب السودان المحل السياسي نامق طناطيني أشار إلى ع مق العلاقات التاريخي  ة بين البشير وبش  ار  وهي م ستمر  ة منذ أن كانت سوريا والسودان بلدين موح  دين لم ت قضم منهما قطعة واحدة  ولم تنقطع رغم الحروب الأهلي  ة والتشظ  ي  وبإذن اله  سيستمر الرجلان سمنا  على عسل حتى لو تقل  صت سيادتهما إلى ما دون الع شر  بل حتى لو لم يبق  تحت س لطتهما سوى الطريق الواصل بين المطار وقصريهما الرئاسين,,fake,
46,fake-real-arabic-news,real,ar,,الشرطة البريطانية تقتل عربي مسلم فقط لأنة أوقف سيارتة في موقف المعاقين هذا جرام الغرب الصليبي ضد المسلمين لتصل الي الجميع مع رسالة قوية الي عباد الصليب والمتمسحين بأحذيتهم,,fake,
47,fake-real-arabic-news,real,ar,,معلومة لايعرفها الكثير عن معجون الأسنان يوجد اسفل كل عبوة مربع بلون معين يشير إلى معلومة هامة في تكوينه الاسود   مصنوع من مواد كيمياوية فقط الاحمر   مصنوع من خليط من المواد الكيمياوية والمكونات الطبيعة الأزرق   مصنوع من مواد طبيعية ومستحضر دوائي الاخضر   مصنوع من مواد طبيعية بشكل كامل اكتب تم ليصلك الجديد وانشرها ليستفيد أصدقاءك,,fake,
48,fake-real-arabic-news,real,ar,,أم تؤك  د لبائع أن  ها وجدت القطعة ذاتها عند جاره بخمس وثلاثين بدلا  من   مع أن  ها لا تساوي أكثر من وخذ متازين يعطيك العافية قالت الحاج  ة أم سمير لبائع في متجر  أزياء أسرار الأناقة لملبوسات  أن  ها وجدت القميص ذاته  بنفس الون والق ص ة والحجم  عند جاره الملاصق له  معروضا  بخمسة  وثلاثين وليس أربعين  مع أن   القميص لا يستحق أن ي صرف عليه أكثر من عشرين  وأن  ه تفض  ل هذه العشرة التي تكفيه وتزيد قليلا  وتقول أم سمير إن  ها ص عقت بطلب البائع أربعين مقابل أي  قطعة  بالمحل  لا شيء في الس وق يستحق أن أنفق عليه كل   هذا المال  لا الأبواب ولا الشبابيك ولا الج دران والديكورات ولا البائع ولا حتى صاحب المحل نفسه  فأنا لا آتي إلى هنا سوى رغبة  بفعل الخير  فأشتري بضاعته العفنة شفقة  عليه مع أن  ني لا أستخدمها سوى كماسح في منزلي  ومع ذلك يطلب هذا النص اب أربعين وكأنه يبيعني أونصة ذهب إنجليزي  وتؤكد أم سمير أن  ها كشفت كذب البائع بعدما حلف باله والأذان والقرآن والنعمة التي أمامه  م شيرا  لفنجان القهوة  أن كلفة القميص عليه ثمانية وثلاثون  عندها عرفت أن  ه يسعى لسد   عجزه وخساراته مني أنا  فهؤلاء الباعة طم  اعون ذكوريون ح قراء  ويظنون أنهم قادرون على خداعي وإجباري على التنازل عن أغلى ما أملك لمجر  د كوني أنثى  وند  دت أم سمير بوقاحة البائع التي وصلت به لطلب هذا الر قم  فهو يعرف أن   جاره  وجاره المقابل والجار في أو  ل السوق يبيعون القطعة ذاتها بخمسة وثلاثين مع جوربين وسروال داخلي وحب  ة حلوى  ويعرف أن  ني قادرة على دخول محال هم وشرائها من عندهم  ولكنه يعتقد أن   ازدحام الزبائن عنده يجعله في مصاف المحال الأجنبية التي لا أفكر بدخولها  وأعربت أم سمير عن رضاها عن السعر الذي أخذت به البضاعة  ثم نظرت إليها واستشاطت غضبا   أنظر إلى هذه القطعة  فقماشها ليس من نوعية متازة  وقلبتها لتنظر إلى داخلها  ومصنوعة في تركيا فوق ذلك من المؤك د أن ها لا تساوي أكثر من خمسة بأفضل حال  أسأل اله أن ينفق النقود التي سرقها مني على صحته,,fake,
49,fake-real-arabic-news,real,ar,,الفتوحات الإسلامية تصل منطقة ضاحية الرشيد مراسلنا جاد البديري   انتهت البارحة إحدى أطول وأشرس الفتوحات التي خاضها المسلمون منذ فتح مكة ضد العرب الجاهلية عام م وأقدم جنود الإسلام على دخول غابة الجامعة الأردنية وقاموا بتحطيم أصنامها تبعا  لأوامر أمير المؤمنين ومن أهم نتائج هذا الفتح المبين اعتناق الآلاف من سكان ضاحية الرشيد الإسلام وقد أسر المجاهدون جميع طلاب كلية الفنون وأعضاء الهيئة التدرسية فيها  إلا أن المجاهدين عادوا وأخلوا سبيلهم بعد ذلك في لفتة إنسانية نبيلة على أن يعلم كل منهم من أطفال المسلمين القراءة والكتابة لكن سرعان ما أعادوا اعتقالهم وإعدامهم بعد ان رأوهم يعلمون الاطفال أنواعا  محرمة من الفنون مثل الرسم والتلوين وقد تضمنت الغنائم من كلية الفنون ملابس تنكرية لمسرحية تاريخية وأدوات نحت ومثاقب يدوية وكهربائية ومناشير وقر المجاهدون إرسال كل ما غنموه نصرة لإخوانهم في داعش لتوظيفها بما يرونه مناسبا يذكر أن جثة مجهولة وجدت مقطوعة الرأس لشاب أعدم خطأ  حين ظن المجاهدون أنه حبشي قاتل حمزة بن عبد المطلب ليتضح في وقت لاحق أنه طالب إثيوبي يتعلم العربية في مركز الغات و قد أعلن رئيس الجامعة تعليق الدوام طوال فترة الفتح على أن يعوض الدوام يوم السبت المقبل وبفتح آخر معاقل الجاهلية العربية في عام   تنتهي قصة هذة الطائفة الغريبة التى كانت تعبد الاصنام طوالهذا الوقت  وظهر الحق وزهقت آلهتهم الباطلة,,fake,
50,fake-real-arabic-news,real,ar,,طفل يخبئ عيدياته كل ها ليتمك  ن من دفع فاتورة الكهرباء مستقبلا  عندما يكبر قام الطفل سامر عن ار بتخبئة عيدياته لمر ة الثانية هذا العام  إلى جانب مصروفه والأرباح الجانبية التي يجنيها عند ذهابه إلى الدك ان أو المخبز  آملا  أن يتمكن من دفع فاتورة الكهرباء عندما يكبر ويصبح مستقلا  وأك د الطفل الطموح أنه  ورغم رؤيته إخوانه عندما تزوجوا وفشلوا حت ى إطعام زوجاتهم أو أطفالهم  فإن معنوياته لم تراجع  إذا تمك نت من اد خار نصف ما أكسبه شهريا   ولم أنفق دخلي على الأكل والشرب والكماليات  فمن المكن أن أتمكن من دفع بضع فواتير كهرباء عندما أكبر وانتقل لسكن وحدي  من جانبه  أشاد رئيس الوزراء بعزيمة الطفل سامر  متمنيا  لو كان جميع المواطنين مثله يأملون بحياة كريمة ذات يوم  إذ كانوا سينشغلون بأمورهم بعيدا  عن ا وتركونا لاستراتيجياتنا وخطنا الوطنية ومؤتمراتنا وضرائبنا دون احتجاجات ومظاهرات  ولما كان هناك ربيع عربي ولا ثورات ولا قتل ولا سوريا ولا سيسي  إن دم الموتى كل ه على أيديهم  ومع ذلك ما زالوا يناموا قريري الأعين,,fake,
51,fake-real-arabic-news,real,ar,,تحذير هام جدا  جدا  يجب الحرص على عدم شرب حبوب الباراسيتامول التي تأتي مكتوبة عليها   500 وهو باراسيتامول جديد ناصع البياض والأطباء اثبتت احتواءه على فيروس  ماشوبو  التي تعتبر واحدة من أخطر الفيروسات في العالم    لذا نهيب بكل من يقرأ هذا المنشور اذا شاهدتم هذا النوع من البراسيتول ابلاغ الجهات الأمنية بما فيها مراكز الشرطة القريبة منكم لأنقاذ الناس من هذا الفايروس القاتل   ملاحظة تأكدت من الخبر 100,,fake,
52,fake-real-arabic-news,real,ar,,لن تصدق   طريقة مذهلة سحرية  فعالة لعلاج الآلام الجسم بأوراق الالمنيوم تبين أنا لورق الألمنيوم القدرة على تخفيف الأم الجسم  يمكن تخفيف الام العنق و اليدين و الركبتين و الذراع  و يعتبر علاج فعال لالتهاب المفاصل و والظهر غيره من الأمراض كما بامكان ورق الألمنيوم علاج الأم المفاصل و الظهر و الرقبة وذلك بتغليف مكان الألم بورق الألمنيوم  حيت يوجد تيار حيوي بمنطقة الألم النشطة في الجسم سيختفي بمجرد تغليف مكان الألم وتثبيته ورق الألمينوم جيدا  على أي مكان يؤلمك في جسم بورق الألمنيوم  الفترة التي يمكن تغليف أماكن الألم من الليل حتى الصباح و سيظهر لك الفرق و تخف حدة الألم,,fake,
53,fake-real-arabic-news,real,ar,,عالم لبناني يكتشف سب الاحتباس الحراري تمك ن العالم البناني شادي زفزفونه من اكتشاف الم سب الحقيقي لاحتباس الحراري الذي ثقب طبقة الأوزون ور ف ع  مستويات الغازات الدفيئة وس ر  ب الأشع ة فوق البنفسجي ة الضار ة وي هد د بإذابة القطب المتجمد ورفع مستوى البحار وإغراق الم دن الساحلي ة الجميلة كبيروت وأكد شادي أن حدسه كعالم لبناني قاده لبحث في أثر الاجئين السورين على الإخلال بالتوازن البيئي والتسب بالاحتباس الحراري  اكتشفت أنهم ي دخنون السجائر والأرجيلة بشراهة وبتبغ ومعسل رديء ينتجان غاز ثاني أكسيد الكربون بمعدلات تفوق تلك التي ت صدرها المصانع والسيارات كما أنهم فاقموا من حدة الازدحامات المرورية  ما زاد المدة التي نقضيها في الشوارع ومحركات سياراتنا تحرق كميات أكبر من الوقود تؤدي لمزيد من التلوث  وأضاف  ي صدر هؤلاء كميات من غاز الميثان تفوق تلك التي تنبعث من أي فصيلة حيوانات تجدها في المزارع  فهم يعيشون لفترة أطول ويعتمدون في غذائهم على البقوليات التي تسب الغازات كالعدس والفول والح م ص وبالمناسبة  فإن الح م ص السوري مليء بالسوس والعفن والرطوبة وليس بجودة البناني الذي نضيف عليه م كونات طبيعي ة وليست م صن عة كالتي يستعملونها  واعتبر شادي أن دراسته ستقلب الطاولة وت عيد خلط الأوراق  ومن ي حاول تفنيدها شريك بالاحتباس الحراري  ومن المؤك د أنه من أصول سوري ة أو فلسطيني ة أو من إحدى الطوائف المحلية سيئة الذكر  واتهم شادي الع لماء غير البنانين بالتواطؤ مع الاجئين والسكوت عن خطرهم البيئي  طيلة فترة عملي كعالم لبناني لم أجد بحثا  واحدا  يربط السورين بالاحتباس الحراري والتصحر وانقراض أي فصيلة من الحيوانات وانفجار م فاعل تشرنوبل  وكأنهم يعيثون فسادا  بكوكب  آخر وليس في كوكبنا الجميل الأخضر الذي يعيش فيه البنانيون,,fake,
54,fake-real-arabic-news,real,ar,,غوارديولا يطالب جماهير الس  يتي بالص  بر لعقد من الزمن حت ى يتأقلم مع الوضع الجديد خبير الرياضي   حمدي شماشر ناشد مدر  ب نادي مانشيستر سيتي الجديد  بيب غوارديولا  الجماهير أن يؤجلوا الحكم على تكتيكاته والصبر على المل والإحباط الذي يعيشونه بسب رداءة أداء الفريق  وأن يمنحوه عقدا  من الزمن إلى أن يتأقلم مع جو بريطانيا البارد وأجواء الملاعب الإنجليزي  ة ليتمكن من إثبات نفسه وبر  ر بيب فشل ال  اعبين بالفوز في آخر ست   مباريات  لعبها بغيابه ذهني ا عن الفريق  أنا الآن في عزلة فكرية لتأم ل المستقبل  وسأستمر   على هذا الحال إلى أن أنسى ميسي عفوا   أقصد  أقصد إلى أن أجد تكتيكا  ناجحا  يتناسب مع السيتي بعيدا  عن  الت  يكي تاكا   وعد بعد ذلك الجماهير  في حال لب  وا طلبه  بقلب أداء الفريق في المباريات بدلا  من مع داتهم  فور تجديد عقده بعد هذه السنوات  مؤك  دا  أن  هم سيتذوقوا طعم الانتصار من جديد  دون أن يستمر إلى الأبد مسلسل دفع المبالغ الط  ائلة لتملم ل في المدر  جات حتى الن  وم من جهته أك  د مالك الن  ادي  منصور بن زايد آل نهيان  أن  ه سيقد  م الد  عم الكامل لغوارديولا  مادي  ا  كان أو غير ذلك من أمور لا تهم   أحدا   إذا كان يريد ميسي  فسن عطيه اثنين وفوقهم رونالدو وبيل  شرط أن يعود لنا بكأس دوري الأبطال قبل نادي قطر سان جيرمان,,fake,
55,fake-real-arabic-news,real,ar,,النفض على الفراش فيه إعجاز علمي لقد أثبت العلماء والشيوخ الأفاضل أن الإنسان حين ينام إلى فراشه يموت في جسم الإنسان خلايا فتسقط على فراشه  وحينما يستيقظ الإنسان تبقى الخلايا موجوده في فراشه وعندما ينام مره أخرى تسقط خلايا مره أخرى فتتأكسد هذه الخلايا فتدخل في جسم الإنسان  فتسبب له أمراض والعياذ بالله وهذه الخلايا لا ترى إلا بمجاهر حاول الغربيون حل هذه المشكله فقاموا بغسل هذه الفرش بمواد منظفه لكن دون جدوى استخدموا جميع المنظفات لكن لم تتحرك هذه الخلايا  فقام إحدى العلماء الغربيون بنفض هذه الخلايا بيده ثلاث مرات فإذا بالخلايا تختفي   ففرح هذا العالم أنه إكتشف كيف يزيل هذه الخلايا من الفراش  عن طريق نفض الفراش ثلاث مرات فرد عليه رجل مسلم قال إن الرسول صلى الله عليه وآله وسلم قد قالها من قبل   إذا أوى أحدكم إلى فراشه فلينفض فراشه بداخله إزاره فإنه لا يدري ماخلفه عليه   هذه الحشرة تنام معك كل ليلة وصورتها مكبرة آلآف المرات بالمجهر الإلكتروني وتعيش في الفرش والبطانيات والمخدات لله معجزة    من جد سبحان الله من جد ولله في خلقه شؤون,,fake,
56,fake-real-arabic-news,real,ar,,حركات جهادية تستنكر اضطهاد المجتمع الدولي وتطالب بإنشاء وطن قومي لمسلمين عقدت المنظمة العالمية لسن ة مؤتمرا  لمئتين من كبار أعضائه  بمشاركة قيادات كبرى من داعش والقاعدة والنصرة وبوكو حرام  لمناقشة أسباب الإسلاموفوبيا وكيفية التخلص منها  مطالبين المجتمع الدولي بوقف الاضطهادات المنهجة ضدهم وإنشاء وطن قومي لمسلمين وتمك  ن المجتمعون من صياغة البرنامج السياسي لمؤتمر  حيث تلخصت أهدافه بإقامة وطن قومي لمسلمين ينضوي تحت القانون العام  عن طريق استقطاب الكفاءات الإسلامية من مجاهدين وانتحارين ومقاتلين وخياطي أحزمة ناسفة وميكانيكي سيارات م فخ خة وقصابي رؤوس ومزارعي ألغام إلى هذه الدولة  وتعزيز المشاعر القومية الإسلامية  والمبادرة بتحفيز حكومات العالم على الاعتراف بوجودها واستصدار وعد منها بإنشاء وطن  قومي يلم شتاتهم  والموافقة على قانون دولي يمنع معاداة العرق الإسلامي السلفي التطرفي الجهادي  كما أ علن في المؤتمر إنشاء الوكالة الإسلامية  وتفويضها بإنشاء فروع لها حول العالم لتمثيلهم أمام الحكومات وشراء الأراضي بمساعدة الصندوق النقدي الإسلامي وتسهيل هجرة شعب اله المسلم والاستيطان وإنشاء دولتهم في كوكب الميعاد  فضلا  عن جمع الجزية  ونشر الثقافة الجهادية السمحة  وأك  د رئيس المؤتمر في كلمته أن   أم العالم تكالبت على الجهادين ونفذ  ت بسمعتهم أبشع المجازر على مرأى من المجتمع الدولي  ونحن هنا اليوم لنطالب شعوب العالم الحر ة بالوقوف معنا ونصرتنا فقد آن أوان دولتنا وسنتقبل فيها جميع أنواع الناس من عبيد وسبايا وجوار  وغلمان من شتى المنابت والأصول,,fake,
57,fake-real-arabic-news,real,ar,,باحث إسرائيلي يتمكن من تحديد  الزمان والمكان المناسبين  تمكن الباحث الإسرائيلي افير كوهن من تحديد الزمان والمكان المناسبين الذين لطالما ذكرتهما مختلف الأنظمة والأحزاب العربية منذ منتصف القرن الماضي وأكد الباحث أنه  وبعكس التوقعات الإسرائيلية  فإن تصريحات الأنظمة العربية  لم تكن منسقة  بحيث لم يتفقوا معا  على  مكان وزمان مناسبين  حقيقة  وأشار كوهن إلى أن الجيش الإسرائيلي ظل يتعامل مع الوقت والزمان المناسبين على أساس أنهما إشارة إلى ساعة الصفر  في حين كشفت الدراسة أنه لا يوجد ساعة صفر بل إنهناك نقصا  عاما  في توريد الساعات واستخدامها في المنطقة العربية إجمالا  وأشار كوهن إلى أن الزمان تم تحديده بدقة عالية باستخدام التحليل العميق لخطاب العربي الرسمي  وهو خمس دقائق وشكلت النتائج صدمة كبيرة في الأوساط الإسرائيلية  إذ أظهرت الدراسة أن الزمان المناسب  حتى عند أكثر المخطين العرب صلابة  ورجولة  لا يتعدى ال دقائق عادة  و هو ما لا يعتبر  مناسبا  من حيث الفحولة الازمة المتحدث باسم القوات العربية المشتركة التابعة لجامعة  الدول  العريبة قل من قيمة الاكتشاف وأكد أن عدم تنسيق الأنظمة العربية لمكان والزمان المناسبين هو  نقطة قوة  بحيث يبقى المكان والزمان المناسبان في طي الكتمان والسرية إذ من المعروف أن السر إذا خرج عن اثنين لم يعد سرا   وبالتالي ضمنت الأنظمة العربية الحفاظ على أسرارها العسكرية الحساسة,,fake,
58,fake-real-arabic-news,real,ar,,أب يكافئ ابنه ويستعمل الجزء غير المعدني من القشاط لضربه كونه لم يخطئ اليوم قد م السيد أبو سليم الز مط اليوم مكافأة لابنه سليم  تقدير ا لتحس ن الملحوظ الذي طرأ على سلوكه  بالاكتفاء بجلده عد ة جلدات  ت عد على أصابع اليدين العشرة  مستخدم ا الجزء الجلدي من الق شاط فقط  دون الجوء لطرف المعدني منه كما جرت العادة ويأتي ذلك بعد أن طب ق سليم جميع المحاذير التي ي نصح بها لتجن ب استفزاز الدبة البرية المتوح شة  فتظاهر بأنه جث ة هامدة أمام والده  وامتنع عن الحركة والتنف س دون أوامر مباشرة منه  الأمر الذي أقنع أباه أخيرا  أنه تمك ن من تحقيق حلمه بتحويل ابنه لكائن مهذ ب لا يثير المتاعب أو أي شيء آخر ويقول سليم إنه اتبع عدة خدع لإنجاح خطته  لم أدع أبي يناديني مرتين  كنت أقفز كالجني بمجرد أن يخرج حرف السين من فمه  كما أنه أرسلني إلى الدكان مرة وأبديت سعادة غامرة دون أن أمتعض  وخصت العطلة المدرسية لدراسة بعد الاستيقاظ باكرا  كالمعتاد  بالإضافة إلى وقوفي باب الحمام حاملا  البشكير حامل ا له البشكير  لينشف يديه التين ستكسران رأسي غد ا  أو بعد غد على أبعد تقدير  من جانبه  عب ر والد سليم عن سعادته الغامرة بالتغير الحاصل على ابنه  الحمدله  لقد نجحت أخيرا  بتربيته تربية صالحة  وأثبت أن أساليب التربية التراثية كالضرب بالحزام والعصى والمكنسة أفضل بملاين المر ات من أساليب منظمات حقوق الطفل وأم سليم التي كادت أن تفسد الولد بدلالها  وأضاف  إن هذا النوع من المكافآت يهيئ الطفل لمستقبل  أنا متأكد أن سليم سيستوعب عندما يكبر أهمية تكسير عظامه في بناء مستقبله  كما أن جميع محن حياته ستكون هينة بالنسبة له أمام محنة طفولته مع والده القاسي الحنون,,fake,
59,fake-real-arabic-news,real,ar,,نعتذر عن قساوة المشهد  وكالة أميال الاخبارية تحصل على فيديو يبين فيه تقطيع جثة الصحفي السعودي جمال خاشقجي في قنصلية بلاده في اسطنبول   وكالة اميال الإخبارية,,fake,
60,fake-real-arabic-news,real,ar,,محتال يتنفس الصعداء بعد أن قر الضحية أخذ حق ه عن طريق القضاء تنف س المحتال المحترف جميل الزو اغ الصعداء  بعد أن وصلت قضية نصبه واحتياله إلى المحكمة  وهو ما اعتبره ضمانه لعدم حصول أي توابع على ما فعله لبضعة عقود  وذلك ريثما يتمك ن القاضي من معرفة ماهية القضية ويعرف عن جميل اتقانه كاف ة أنواع النصب والاحتيال  كتقديم شيكات بدون رصيد وبيع العملة المزو رة وإجراء صفقات وهمية  حيث لجأ بعض ضحاياه إلى المحكمة  معتقدين أن بإمكانهم استرجاع حقوقهم وفق القانون والنظام ويقول جميل إنه كان يخشى محاسبته بأساليب غير قانونية  كالعنف والتهديد والشتائم والفضح بين الناس  لكن الأمور جرت على ما يرام  ويمكني الآن متابعة حياتي بطريقة تطابق تماما  مع ما كانت عليه قبل رفع القضية  ويضيف  من الآن فصاعدا  لن أحتال سوى على مواطنين شرفاء يلتزمون بحسن السلوك  ولا ينتزعون حقوقهم بأيديهم  ويثقون بالدولة وقضائها العادل والنزيه  كما ناشد جميل بقية من تعاملوا معه أن يسارعوا بتقديم المزيد من الشكاوى  فكلما ازدادت القضايا المرفوعة ضدي  زادت المد ة التي تحتاجها المحكمة لبت  في الحكم  وهو ما سيتيح لتجارتي أن تستمر وتزدهر وأجمع الكثير من المال وأتقاعد في سن مبك رة  يذكر أن خبراء حقوقيون حذروا في وقت سابق من الجوء لنظام القضائي  ليس بسب مستوى كفاءته ونزاهته فحسب  بل لمحاذير صحية تعل ق باحتمالية إصابة المشتكي بانهيار عصبي أو جلطة قبل أن يأخذ القانون مجراه,,fake,
61,French_COVID_News,real,fr,Présidentielle américaine : l'élection peut-elle vraiment virer à la pagaille ?,"Entre crise du Covid-19, accusations de fraude et menaces de recours en justice pour contester les résultats, le scrutin du 3 novembre pourrait être un des plus incertains de l'histoire des Etats-Unis. Franceinfo vous explique pourquoi. ""Si Donald Trump perd de justesse la présidentielle, ce pays va vivre un enfer."" Assis à la table d'un restaurant de Wilmington Delaware , Azeez, agent immobilier afro-américain, insiste : ""Quand on voit les tensions dans ce pays, il y a vraiment de quoi craindre pour sa sécurité."" A 1 200 kilomètres de là, du côté d'Atlanta Géorgie , Stefany tient le même discours. ""J'ai vraiment peur des violences, s'inquiète cette Américaine de 25 ans d'origine mexicaine. Nous, les personnes immigrées, on ne veut pas se montrer. On sait que l'on peut être des cibles."" Je vais voter par correspondance, car j'ai peur que des militants trumpistes viennent semer la pagaille dans les bureaux de vote. Dans mon entourage, je ne connais personne qui veut se déplacer.Stefanyà franceinfo Azeez et Stefany, deux profils, deux histoires pas si isolées que ça. Aux Etats-Unis, les inquiétudes qui entourent la course à la Maison Blanche grandissent à mesure que la date du 3 novembre approche. ""Si le Congrès et les Etats n'agissent pas immédiatement, notre pays pourrait faire face à un 'Tchernobyl électoral' cet automne"", s'alarmait dès le mois de juin le sénateur démocrate de l'Oregon, Ron Wyden. Le site Politico prédit, lui, un scrutin qui ""a de bonnes chances d'être marqué par une pagaille bureaucratique et un chaos prévisible ... , laissant les Etats-Unis face au résultat le plus incertain et le plus disputé depuis des années"". Un scrutin contaminé par le coronavirus La ""pagaille"" que certains imaginent est avant tout liée à l'épidémie de Covid-19. Le virus, qui a déjà tué plus de 200 000 personnes dans le pays et contaminé son plus haut représentant, a obligé les Etats à faciliter le vote par correspondance. Quarante-deux d'entre eux autoriseront cette option pour la présidentielle, sans autre justification que le contexte sanitaire. Pour la première fois de l'histoire américaine, 76 des électeurs auront donc le droit d'envoyer leur bulletin par courrier, estime le New York Times . Quel type de vote les électeurs adopteront-ils ? Selon une étude de l'institut Hawkfish, ceux de Joe Biden privilégieraient celui par correspondance. Alors que ceux du candidat républicain envisageraient davantage de se déplacer dans les bureaux de vote. Ce qui fait craindre à certains observateurs un ""red mirage"" ""mirage rouge"" en français, en référence à la couleur des républicains . Un scénario qui verrait l'actuel locataire de la Maison Blanche l'emporter le soir du scrutin, avant d'être rattrapé et dépassé par son adversaire quelques jours plus tard, lorsque tous les bulletins envoyés par la poste auront été dépouillés et comptabilisés. Une enveloppe pour le vote par correspondance pour la présidentielle de 2012 dans le Colorado. MAXPPP ""Si les résultats sont très serrés dans les Etats-clés, ceux où se joue vraiment l'élection, il est possible qu'il faille attendre plusieurs jours pour connaître le vainqueur"", analyse Archon Fung, professeur spécialiste de la gouvernance à Harvard. C'est ce qui s'est passé lors des élections de mi-mandat dans l'Arizona, en 2018. La candidate républicaine au Sénat était en tête le soir du scrutin, mais c'est finalement son adversaire démocrate qui a été déclarée victorieuse plusieurs jours après, une fois l'ensemble des votes par courrier dépouillés. Pour Paul Gosar, représentant républicain de l'Etat interrogé par franceinfo, ce retournement de situation ne peut s'expliquer ""que par de la fraude"". Aucune preuve ne vient pourtant étayer cette accusation, selon la presse locale . Les républicains agitent le spectre de la fraude Cela n'empêche pas l'élu de l'Arizona de s'inquiéter d'un ""grand risque"" d'irrégularités en novembre, comme l'a d'ailleurs évoqué Donald Trump fin juillet : ""Avec le vote par correspondance, 2020 sera l'élection la plus frauduleuse de l'histoire."" Mi-septembre, il affirmait encore que ""le résultat de l'élection du 3 novembre pourrait ne jamais être déterminé avec précision"". Because of the new and unprecedented massive amount of unsolicited ballots which will be sent to voters , or wherever, this year, the Nov 3rd Election result may NEVER BE ACCURATELY DETERMINED, which is what some want. Another election disaster yesterday. Stop Ballot Madness! https://t.co/3SMAk9TC1a — Donald J. Trump @realDonaldTrump September 17, 2020 Pourtant, ""toutes les études montrent que la fraude électorale est très rare aux Etats-Unis, poursuit Archon Fung. L'objectif du président est clairement de semer le doute sur la validité des résultats et de décrédibiliser le système électoral."" Dans ce contexte, le Transition Integrity Project a voulu simuler ce qui pourrait advenir entre le 3 novembre et le 20 janvier, date de l'investiture du président élu. ""Tous les scénarios que nous avons envisagés menaient à de la violence dans les rues et à une crise politique"", explique Rosa Brooks, professeure de droit à l'université Georgetown et cofondatrice de ce think tank, dans les pages du Washington Post . Parmi les hypothèses évoquées , des affrontements entre manifestants anti-Trump et milices d'extrême droite, se soldant par l'intervention de l'armée. Dans un autre scénario, les démocrates, déçus d'une victoire du républicain, envisagent la sécession des Etats de la côte ouest. Un troisième voit le Sénat valider l'élection du milliardaire, quand la Chambre des représentants proclame la victoire de Joe Biden. Des scénarios du pire que Miles Rapoport préfère écarter : ""Si l'élection est très disputée, il y aura sûrement des manifestations de démocrates et de républicains dans les jours suivants. Mais le risque de violences est plus faible que ce que certains prédisent, estime le professeur de sciences politiques à l'université de Harvard, sollicité par franceinfo. Les instances électorales font leur possible pour garantir que le scrutin se passera au mieux."" Des recours en justice ? Qu'importe, Donald Trump incite ses partisans à ouvrir l'œil. ""Je les exhorte à se rendre aux urnes et à observer très attentivement "", déclarait-il le 29 septembre, lors du premier débat télévisé entre les deux candidats à la présidentielle. Sur le terrain, le message du ""chef"" semble être bien passé : Tom Kennedy, administrateur du groupe Facebook ""Baltimore City for Trump 2020"", a lancé un appel à ses 330 membres pour demander des renforts. ""Cette année, nous avons plus que jamais besoin d'observateurs dans les bureaux, explique le républicain à franceinfo. Des millions de bulletins de vote sont envoyés à travers le pays, les risques de fraude augmentent de façon exponentielle."" Un groupe de soutien à Donald Trump recherche des volontaires pour surveiller les bureaux de vote à Baltimore Maryland , le jour de l'élection américaine, le 3 novembre 2020. FACEBOOK Dans le camp d'en face, on a bien compris la stratégie du président sortant. ""Il essaie de dissuader et d'effrayer"", soufflait Joe Biden lors du débat, avant de se tourner vers la caméra pour adresser un message solennel aux millions d'Américains devant leur télé : ""Il ne peut pas vous empêcher de voter Le vote par correspondance n'est pas dangereux."" En coulisses, le candidat démocrate de bientôt 78 ans se prépare lui aussi à toutes les éventualités. Il a notamment recruté 600 avocats prêts à intervenir partout où il y aurait des problèmes. Car en cas de résultats serrés dans un ou plusieurs Etats-clés, il est probable que la 59e présidentielle finisse devant la justice. Certains observateurs font d'ailleurs le parallèle avec celle de 2000, quand les Etats-Unis s'étaient réveillés sans président élu au lendemain du scrutin : en Floride, le vote était si serré qu'il était impossible de dire qui d'Al Gore ou de George W. Bush était en tête. Le suspense, rythmé par d'interminables recomptages, avait duré un mois. Jusqu'à ce que la Cour suprême désigne le républicain vainqueur, le 12 décembre. Trump pourrait ne pas reconnaître sa défaite Parmi les journalistes accrédités à la Maison Blanche, on se prépare également à couvrir une élection hors du commun. ""Il va falloir faire attention aux résultats que l'on donne, sans se précipiter sur les sondages de sortie des urnes"", soupire d'avance David Smith. Le correspondant du Guardian s'interroge sur le scénario en cas de défaite de Trump. Il a en effet suffi d'une question posée en conférence de presse à la Maison Blanche, le 23 septembre, pour semer le doute : ""Vous engagez-vous à une passation pacifique du pouvoir ?"" ""Il va falloir que nous voyions ce qui se passe"", a esquivé le président, qui a réitéré ses propos lors du débat face à Joe Biden. Reporter: ""Win, lose or draw in this election, will you commit here today for a peaceful transferal of power after the election?"" President Trump: ""We're going to have to see what happens."" pic.twitter.com/h5RF3dKPD1 — NBC News @NBCNews September 23, 2020 Un flou qui agace jusque dans son propre camp. ""La transition pacifique du pouvoir est fondamentale à la démocratie, sinon c'est la Biélorussie, s'est énervé sur Twitter le sénateur républicain de l'Utah, Mitt Romney. Qu'un président sous-entende qu'il pourrait ne pas respecter la Constitution est impensable et inacceptable."" ""Celui qui remportera l'élection du 3 novembre sera investi le 20 janvier. Il y aura une transition en bon ordre, comme tous les quatre ans depuis 1792"", a tenté de rassurer le chef de la majorité républicaine au Sénat, Mitch McConnell. ""Cette élection est imprévisible parce que le président est imprévisible"", résume Archon Fung. Le professeur veut toutefois éviter tout catastrophisme. ""Même en cas d'élection très disputée, j'ose espérer que les observateurs, les responsables politiques et les institutions pousseront le perdant à reconnaître la défaite."" Il reste par ailleurs un scénario qui éviterait, a priori, toute situation de chaos : qu'un candidat remporte une large victoire dès le 3 novembre. Les liens marqués par des astérisques renvoient vers des contenus en anglais.",,,
62,French_COVID_News,real,fr,Comment le confinement pourrait bouleverser le culte catholique en Belgique,"Comment le confinement pourrait bouleverser le culte catholique en Belgique Société06:40 Bosco d'Otreppe AP Le Covid a favorisé l’émergence de petites ""églises de proximité"", qui ne s’appuyent pas sur les paroisses. Dans quel état les catholiques retrouveront-ils leurs paroisses ? Seront-ils encore nombreux à pousser les portes de leurs églises une fois que les messes aujourd’hui réduites à 15 personnes reprendront leur rythme de croisière ?",,,
63,French_COVID_News,real,fr,Les lauréats Gault Millau 2020 des cuisines de collectivité et partenaires catering,"Pour la cinquième fois, le guide culinaire Gault Millau a décerné mercredi ses ""Gault Millau Catering Awards"", dédié aux organisations et entreprises du secteur des cuisines de collectivité et du catering. Cette année, la cérémonie a toutefois eu lieu en ligne, crise du coronavirus oblige. Les récompenses méritées pour l'année 2019 auraient dû être remises en mars, lors de la première ""Night of the Catering"" dans la salle de la Madeleine à Bruxelles, mais la crise sanitaire en a décidé autrement. ""Nous avons commencé un projet de catering avec Gault Millau il y a sept ans parce que nous pensions que c'était très important. Le secteur représente beaucoup de repas et ce sont beaucoup de personnes qui travaillent dans l'ombre. C'est pourquoi on voulait le mettre un peu en exergue"", a d'emblée souligné Marc Declerck, CEO Gault Millau Benelux, lors du webinaire de mercredi. Parmi les récompenses: Le prix de la relation avec le client est allé à l'hôpital Jan Yperman à Ypres, à la société Aramark au sein de la maison de repos et de soins Zilversterre à Gand et à la résidence CHC à Heusy. Le prix de la gestion des déchets a été décerné à la maison de repos et de soins Meerminnehof à Mortsel, à ISS au sein de DEME et à Sodexo à la Résidence de la Knippchen à Arlon. Outre ces prix pour les collectivités, des awards pour les ""events catering"" ont été remis. Davy De Pourcq de Sir Catering a ainsi été couronné du ""Gault Millau Event Catering Chef of the Year Gold"" tandis que Chef Chez Soi s'est vu décerner le ""Gault Millau Healthy Event Caterer of the Year"". Tous les lauréats Catering Awards 2020 AWARDS CUISINES DE COLLECTIVITÉ Relation avec le client Gestion propre : Jan Yperman Ziekenhuis, Ieper Sous-traité: Aramark - WZC Zilversterre, Gent Gestion propre : CHC Résidence, Heusy Responsabilité sociale des entreprises Gestion propre : UZ Leuven Sous-traité: Belgocatering - Bank Degroof Petercam Gestion propre : TCO Services, Louvain La Neuve Santé et aspects nutritionnels Gestion propre : CM-Zorgverblijf Ter Duinen, Nieuwpoort Gestion propre : Domaine de Nivezé Mutualité Chrétienne Innovation originalité Gestion propre : AZ Groeninge, Kortrijk Sous-traité : Sodexo - UZ Gent Gestion propre : Résidence L'Aurore, Charleroi Gestion des déchets Gestion propre: WZC Meerminnehof, Mortsel Sous-traité: ISS - DEME Sous-traité : Sodexo - Résidence de la Knippchen, Arlon EVENT CATERING AWARDS Gault Millau Best Catering Event of the Year: Sir Catering avec Project X Gault Millau Innovative Event Caterer of the Year: J M Catering Gault Millau Healthy Event Caterer of the Year: Chef Chez Soi Gault Millau Event Catering Chef of the Year Bronze: Tom Vandereecken - Gourmet Invent Gault Millau Event Catering Chef of the Year Silver: Damien Audusseau - Choux de Bruxelles Gault Millau Event Catering Chef of the Year Gold: Davy De Pourcq - Sir Catering Les récompenses méritées pour l'année 2019 auraient dû être remises en mars, lors de la première ""Night of the Catering"" dans la salle de la Madeleine à Bruxelles, mais la crise sanitaire en a décidé autrement. ""Nous avons commencé un projet de catering avec Gault Millau il y a sept ans parce que nous pensions que c'était très important. Le secteur représente beaucoup de repas et ce sont beaucoup de personnes qui travaillent dans l'ombre. C'est pourquoi on voulait le mettre un peu en exergue"", a d'emblée souligné Marc Declerck, CEO Gault Millau Benelux, lors du webinaire de mercredi. Parmi les récompenses:Le prix de la relation avec le client est allé à l'hôpital Jan Yperman à Ypres, à la société Aramark au sein de la maison de repos et de soins Zilversterre à Gand et à la résidence CHC à Heusy. Le prix de la gestion des déchets a été décerné à la maison de repos et de soins Meerminnehof à Mortsel, à ISS au sein de DEME et à Sodexo à la Résidence de la Knippchen à Arlon. Outre ces prix pour les collectivités, des awards pour les ""events catering"" ont été remis. Davy De Pourcq de Sir Catering a ainsi été couronné du ""Gault Millau Event Catering Chef of the Year Gold"" tandis que Chef Chez Soi s'est vu décerner le ""Gault Millau Healthy Event Caterer of the Year"".",,,
64,French_COVID_News,real,fr,Le FMI prône désormais des augmentations d’impôts pour les plus riches,"Longtemps soucieux de convaincre les États de réduire leurs dépenses, le Fonds monétaire international FMI se félicite aujourd’hui du fait qu’ils ont beaucoup dépensé pour faire face à la crise du Covid. Il encourage l’ensemble des pays du monde à taxer davantage les hauts revenus pour financer le coût de la lutte contre la pandémie et réduire les inégalités. En présentant le rapport « Fiscal Monotor » d’avril 2021, publié deux fois par an, le directeur du département des finances publiques du FMI, Vitor Gaspar, a indiqué le 7 avril que les États ont dépensé plus de 16 000 milliards de dollars 13 500 milliards d’euros durant les douze derniers mois pour soutenir leur économie, ce qui les a amenés « à atteindre des niveaux d’endettement historiquement élevés. » À LIRE. Joe Biden engage une hausse historique de la fiscalité des entreprises Le rapport indique que « dans les économies avancées, le déficit moyen atteint désormais 11,7 du PIB et 9,8 pour les pays émergents ». L’endettement moyen de l’ensemble des États se monte à 97 du PIB en 2020. Le soutien budgétaire a évité l’équivalent de la Grande dépression Vitor Gaspar juge ces dépenses « pleinement justifiées » car le soutien massif à l’économie, dans les pays développés a évité l’équivalent de la Grande dépression des années 1930. Toutefois, selon lui, « le Covid 19 a aggravé les inégalités qui préexistaient », ce qui « risque d’entraîner une série de fractures politiques et sociales ». Pour réduire ce risque, il appelle à « lutter contre les inégalités d’accès aux services publics de base, la santé, l’éducation, et la sécurité sociale, et à renforcer les politiques de redistribution », ce qui va « dans de nombreux cas, exiger des augmentations substantielles d’impôts ». Vitor Gaspar a ainsi salué l’initiative américaine pour fixer un seuil minimal mondial d’imposition des entreprises qui serait à un niveau élevé, à 21 . Taxer les gagnants de la crise sanitaire Le rapport du FMI suggère également de mettre en œuvre une taxation temporaire visant les plus hauts revenus et les entreprises qui ont prospéré durant la crise sanitaire, pour éponger le surcroît de dettes engendré par l’épidémie. Il cite par exemple le secteur du numérique ou les laboratoires pharmaceutiques. Il fait la liste des différentes options : impôt sur le revenu, sur le patrimoine des particuliers, ou sur le bénéfice des entreprises, mais conclut que c’est à chaque pays d’adopter sa propre démarche, alors que chacun est confronté à une situation différente. L’ensemble du rapport est un plaidoyer pour renforcer l’action des États, afin qu’ils pilotent la transition vers « un autre modèle de croissance qui serait plus vert, plus numérique et plus inclusif ». Le FMI ajoute ainsi sa voix à de nombreuses prises de position, ces derniers jours, en faveur de hausses d’impôts. L’idée a ainsi été défendue par le patron d’Amazon, Jeff Bezos, l’un des hommes les plus riches du monde. La France maintient ses baisses d’impôts Le ministre français de l’économie Bruno Le Maire a également été interrogé le 8 avril sur ce sujet, alors que la France poursuit au contraire un programme de baisse de la fiscalité des entreprises. Il a confirmé que le gouvernement ne prévoit pas de remettre ce programme en question, car la France « détient le triste record du taux de prélèvement le plus élevé ». RELIRE. En France, la baisse continue de l’impôt sur les sociétés En maintenant l’objectif de faire descendre, en 2022, le taux de prélèvement sur les sociétés à 25 , « la France va rejoindre la moyenne des pays européens. Il y a un mouvement de convergence entre économies développées », a-t-il estimé, concluant que « c’est une bonne chose », car cela va éviter une course au moins-disant qu’il a toujours condamnée.",,,
65,French_COVID_News,real,fr,Covid 19 : Allègement des mesures sanitaires à Mayotte,"Mayotte enclenche une nouvelle étape dans l’allègement des mesures sanitaires et des conditions de voyage pour les voyageurs justifiant un schéma vaccinal complet. Mayotte la 1ere La préfecture de Mayotte annonce l’allégement des mesures sanitaires vu l’amélioration de la situation épidémiologique avec un taux de positivité à 2 et taux d’incidence à 37 cas pour 100000 habitants, bien en déca des 50 cas du seuil d’alerte. A compter d’aujourd’hui, fini les jauges dans les établissements accueillants du public, même si le port du masque reste obligatoire, la consommation debout est de nouveau autorisée dans les cafés et les bars. Plus besoin de test pour les personnes vaccinées qui voyagent vers la Métropole, par contre, les Manzaraka et les voulé restent interdits à plus de dix personnes. Fermées depuis le 10 décembre, les discothèques, peuvent rouvrir dans le respect du protocole sanitaire. Levée des jauges dans les établissements accueillant du public ; Interdiction des rassemblements de plus de 10 personnes dans l’espace public, y compris les manzarakas et les voulés sauf évènement dûment autorisé par la préfecture et appliquant le pass sanitaire . Les organisateurs doivent adresser une déclaration au moins 10 jours avant l’évènement aux services de la préfecture ; Fin de l’interdiction de diffusion de musique amplifiée dans l’espace public ; La consommation debout sera de nouveau autorisée dans les cafés et les bars ; Les discothèques, fermées depuis le 10 décembre, pourront rouvrir dans le respect du protocole sanitaire ; Les concerts debout pourront reprendre à compter du 16 février dans le respect du protocole sanitaire. L’obligation du port du masque dans les établissements recevant du public est maintenue. Allègement des conditions de voyage : voyager à destination et en provenance de Mayotte Pour les vaccinés voyageant au départ de Mayotte et à destination de la métropole : Le test préalable au départ de Mayotte vers le reste du territoire national n’est plus obligatoire pour les voyageurs justifiant un schéma vaccinal complet. Cette disposition ne concerne pas les voyages vers La Réunion. Pour les non vaccinés voyageant au départ de Mayotte et à destination de la métropole : Les personnes qui ne sont pas vaccinées ne peuvent voyager que si elles justifient d’un motif impérieux. Ces passagers doivent présenter les pièces suivantes à l’embarquement : Justificatif du motif impérieux de déplacement ; Résultats d’un test RT-PCR négatif de moins de 72 h ou d’un test antigénique de moins de 48 h ; Déclaration sur l’honneur attestant qu’elles acceptent qu’un examen de dépistage soit réalisé à leur arrivée sur le territoire. Pour les voyageurs vers Mayotte, la réglementation ne change pas : Toute personne de douze ans et plus souhaitant se déplacer vers Mayotte depuis le territoire hexagonal ou depuis un pays tiers doit être munie :",,,
66,French_COVID_News,real,fr,Covid-19 :La police nationale utilise-t-elle des drones pour surveiller des passants ces derniers jours à Marseille ?,"Depuis le 24 septembre une vidéo de drone circulant à Marseille et pilotée par la police nationale, inonde les réseaux sociaux. L’un des tweets qui la diffusent, avec plus de 120 000 vues, dit ceci : ""Un drone circule au-dessus de Marseille et avertit les citoyens. 'Police Nationale, lutte contre la covid19, port du masque obligatoire partout en ville, à défaut vous vous exposez à une amende de 135 euros. Terminée la science-fiction. Bienvenue chez les tarés psychotiques."" Un drone circule au dessus de Marseille et avertit les citoyens. ""Police Nationale, lutte contre la covid19, port du masque obligatoire partout en ville, à défaut vous vous exposez à une amende de 135 euros"" Terminée la science fiction. Bienvenue chez les tarés psychotiques. pic.twitter.com/NEp3Uyri5u — Antoine H @HAntoine11 September 25, 2020 Est-ce que cette vidéo est vraie et date-t-elle de la semaine dernière ? Non cette vidéo ne date pas du 25 septembre 2020. Plusieurs indices nous l’indiquent. D’abord le ciel bleu qu’on voit en toile de fond alors que ce jour-là les prévisions de météo France prévoyaient un temps nuageux. Ensuite, le post le plus ancien de cette vidéo que nous avons retrouvé date du 26 août 2020. La personne qui a diffusé la vidéo nous a confirmé qu’elle en est bien l’auteure et la préfecture de police des Bouches-du-Rhône nous confirme qu’un drone ""a été utilisé 3 fois fin août / début septembre dans le cadre d’une expérimentation"". Est-ce que la police marseillaise a le droit d'utiliser des drones pour faire de la prévention sur le port du masque dans les rues ? De nombreux internautes signalent également que l’utilisation de ce drone va à l’encontre d’une décision de justice rendue par le Conseil d’État en mai dernier. Oui le conseil d’État a ordonné à l’État de cesser immédiatement la surveillance par drone du respect des règles sanitaires à compter du 18 mai 2020 à Paris ! L’ordonnance rendue par le Conseil d’État concerne la capitale française uniquement. Maître Rameix et Maître Spinosi étaient respectivement les avocats qui représentaient la Quadrature du Net et la Ligue des droits de l’Homme dans leurs démarches juridiques qui ont amené cette ordonnance. Selon eux, cette décision a été rendue car les drones utilisés par la police peuvent permettre une identification des personnes et il est impossible de vérifier qu’ils n’enregistrent pas. Cela va à l’encontre de la directive européenne du 27 avril 2016. La Quadrature du Net a décidé de ne pas poursuivre la ville de Marseille mais nous indique que ""l’utilisation de ce drone durant l’été 2020 à Marseille va à l’encontre de la décision rendue par le conseil d’État le 18 mai 2020 pour la ville de Paris.""",,,
67,French_COVID_News,real,fr,Covid-19: quel est le niveau minimum d’efficacité pour autoriser un vaccin ?,"Des seringues jetables dans un centre de vaccination près de Nantes Loire-Atlantique dans le cadre de la campagne de vaccination contre le coronavirus en France, le 6 mai. Stephane Mahe/Reuters Question posée par Yann, le 1er juillet 2021, Bonjour, Dès avril 2020, en prévision du développement de vaccins contre le Covid-19, l’Organisation mondiale de la santé OMS a conseillé un taux minimum d’efficacité pour les vaccins contre le Covid-19 de 50 . «L’OMS a élaboré très tôt, par le biais du plan directeur de R D pour la prévention des épidémies, les profils de produits cibles pour un vaccin efficace et sûr, en fixant l’efficacité minimale à 50 , la limite inférieure de l’intervalle de confiance ne devant pas descendre en dessous de 30 », rappelait ainsi le docteur Soumya Swaminathan, scientifique en chef au sein de l’organisation, lors d’une conférence de presse, le 18 juin. Une efficacité qui peut être mesurée par rapport à la survenue de cas symptomatiques, graves, mais aussi au regard de la transmission du virus, était-il indiqué dans le document de référence. Aux Etats-Unis, le taux de 50 a aussi été retenu par la Food and Drug Administration FDA , dans son «guide sur l’industrie», sur le «développement et l’homologation de vaccins pour la prévention du Covid-19», publié en juin 2020. En Europe, l’Agence européenne des médicaments EMA a choisi de ne pas établir de niveau minimum d’efficacité pour l’autorisation d’un vaccin, même si le taux de 50 est aussi recommandé. «L’EMA a indiqué que les essais pour les vaccins Covid-19 devraient être conçus pour démontrer un taux d’efficacité d’au moins 50 , mais elle n’a pas fixé ce taux comme étant le niveau minimum d’efficacité pouvant conduire à l’approbation, précise ainsi l’EMA à CheckNews. En effet, avant de statuer sur l’autorisation d’un vaccin, l’Agence examinera les résultats globaux de sécurité et d’efficacité de chaque vaccin individuellement. Par exemple, un vaccin pourrait avoir un taux d’efficacité inférieur à celui d’autres vaccins mais présenter d’autres avantages tels que des effets secondaires beaucoup moins nombreux ou une facilité de stockage et d’administration, ou encore être plus efficace dans un groupe d’âge ou un type de population spécifique.» Pour l’heure, les quatre vaccins actuellement autorisés en Europe ceux de Pfizer-BioNTech, Moderna, AstraZeneca et Janssen dépassent tous largement le seuil de 50 . Mais des produits avec une efficacité bien moindre pourraient également être approuvés. L’efficacité du vaccin développé par le laboratoire allemand CureVac, actuellement examiné par l’EMA, n’est ainsi que de 48 , «toute sévérité confondue». L’absence de seuil minimum d’efficacité vaut d’ailleurs pour tous les vaccins, et pas uniquement pour ceux dirigés contre le Covid-19. «Etant donné qu’une évaluation de l’efficacité protectrice n’est pas nécessaire et /ou n’est pas réalisable pendant la période de pré-autorisation, l’EMA ne fixe pas de niveau minimum d’efficacité pour l’autorisation d’un vaccin», répond ainsi l’agence européenne. Une règle qui s’explique, notamment, par la façon dont est évaluée l’efficacité d’un vaccin. Celle-ci «comprend plusieurs aspects qui ne sont pas toujours de même importance selon le vaccin et la maladie», explique l’épidémiologiste Pierre-Yves Boëlle. De façon générale, «on décrit trois formes d’efficacité : la protection contre l’infection, c’est-à-dire une réduction de la susceptibilité individuelle. C’est l’efficacité individuelle, celle qui sera évaluée avant tout. Et pour les personnes vaccinées, mais infectées malgré tout, la protection contre la maladie sévère et la réduction de la transmission. Ces deux dernières formes de protection sont intéressantes pour réduire la morbidité et la circulation globale», détaille-t-il. Ainsi, selon les situations, l efficacité attendue d’un vaccin n’est pas la même. «Il n’y a pas un niveau d’efficacité minimum commun à atteindre pour tous les vaccins. En effet, un vaccin qui est efficace à 30-40 contre une maladie très fréquente et potentiellement grave, comme le paludisme, va permettre d’éviter beaucoup de cas en nombre absolu. Un vaccin contre une maladie plus rare va devoir avoir une efficacité élevée pour qu’un impact soit visible. Un vaccin contre une maladie très contagieuse va également devoir avoir une efficacité élevée afin de limiter la transmission de la maladie. Car plus le taux de reproduction est élevé, plus la protection effective et la couverture vaccinale en population doit être élevée pour entraîner une immunité collective. C’est le cas du vaccin contre la rougeole atteignant une efficacité supérieure à 97 après deux doses», indique l’Agence nationale de sécurité du médicament ANSM .",,,
68,French_COVID_News,real,fr,Variant breton : les huit porteurs de cette mutation de la Covid-19 sont décédés,"Le 15 mars, la direction générale de la Santé DGS a adressé une note aux professionnels de santé concernant un nouveau variant de la Covid-19, appelé ""20C"" et surnommée ""variant breton"". Cette souche a été détectée dans le centre hospitalier de Lannion Côtes-d'Armor où 79 cas de coronavirus ont été recensés, dont 8 porteurs du variant. Ces résultats ont été confirmés par séquençage. Les patients présentaient des symptômes de l’infection, mais leurs tests de dépistage naso-pharyngés étaient négatifs. L'Agence régionale de santé ARS de Bretagne et le préfet des Côtes-d'Armor ont annoncé, mardi 16 mars lors d'une conférence de presse, que les huit patients touchés par cette mutation étaient décédés. Pour l'heure il n'y a ""pas de lien causalité établi entre ces décès et le nouveau variant"". Des investigations pour évaluer la sévérité du variant breton ""L’analyse moléculaire réalisée par le CNR de Pasteur met en évidence un nouveau variant porteur de neuf mutations dans la région codant pour la protéine S mais également dans d’autres régions virales"", peut-on lire dans le document de la DGS. Elle a également précisé qu’une évaluation est en cours afin de déterminer ""l’impact possible de ces modifications génétiques sur un défaut de reconnaissance par les tests virologiques conduisant à un sous-diagnostic"". Les autorités sanitaires ont également débuté des investigations afin d’évaluer la sévérité et la propagation du variant breton. ""Les premières analyses de ce nouveau variant ne permettent de conclure ni à une gravité ni à une transmissibilité accrues par rapport au virus historique"", a cependant précisé la DGS. Un avis partagé par le Professeur Bruno Lina, virologue et membre du Conseil scientifique : ""C'est un virus qui aujourd'hui ne présente aucun caractère de dangerosité, il n'est pas plus sévère, il ne donne pas des infections plus longues et il semble se diffuser de façon relativement restreinte ... . On se rend compte qu'on n'a probablement pas une diffusion très importante de ce virus"", a-t-il expliqué sur RTL. Variant breton : les autres tests de dépistage sont-ils fiables pour le détecter ? Interrogé par BFMTV, Pierre Tattevin, chef du service des maladies infectieuses au CHU de Rennes Ille-et-Vilaine a expliqué pourquoi les tests PCR chez les malades touchés par le variant breton étaient négatifs. ""Le plus souvent, c’est lié au fait que le patient n’excrète pas par le nez"", explique-t-il. ""Nos collègues ont effectué des tests sérologiques ou des prélèvements pulmonaires. Ils ont alors retrouvé des traces de coronavirus, mais différent de celui qu’on connaissait"", a souligné le spécialiste. Selon Pierre Tattevin, il est possible d’avoir recours aux tests sérologiques pour détecter le coronavirus, mais le diagnostic est plus tardif. Il a lieu 7 à 10 jours après l’infection. Les professionnels de santé peuvent également réaliser des examens plus techniques. ""On peut faire cracher les patients en irritant un peu les voies aériennes. On peut obtenir des prélèvements plus profonds sans avoir besoin de faire des tests trop invasifs"", a-t-il détaillé. Le chef du service des maladies infectieuses du CHU de Rennes a cependant reconnu qu’il est plus compliqué d’identifier les cas de coronavirus. ""À cause des difficultés de diagnostic, nous n’avons pas de chiffres exacts sur le nombre de patients touchés par le nouveau variant, mais plusieurs dizaines de cas ont été enregistrés au cours des dernières semaines"", a précisé Pierre Tattevin. D’après lui, il est trop tôt pour estimer la virulence de cette nouvelle souche, mais certains patients ont développé des formes graves. À lire aussi : Tests PCR, antigénique, salivaire : quand et pour quel test de dépistage du Covid-19 opter chez son enfant ? Diarrhée, vomissements : ces symptômes peuvent-ils indiquer une infection au Covid-19 ? Autotests Covid-19 : comment fonctionnent ces outils disponibles dès cette semaine en France ?",,,
69,French_COVID_News,real,fr,Coronavirus : Didier Raoult diffuse une fake news sur la chloroquine et se rétracte,"Publié le 17/12/2020 à 12:15 Attention, fake news. Le professeur Didier Raoult, directeur de l'IHU Méditerranée Infection, a publié mercredi 16 décembre un tweet dans lequel il assure que l’American Medical Association AMA ""constate qu’il n’y a aucun risque au traitement par hydroxychloroquine, que des études ont constaté son efficacité et retire ses recommandations de ne pas l'utiliser contre le COVID-19 "". Mais certains internautes repèrent rapidement la supercherie. En vérité, explique la journaliste du Point Géraldine Woessner, ""si un petit groupe de médecins a bien demandé à l'AMA de revoir son jugement"" sur l'hydroxychloroquine, ""leur motion a été rejetée"". Entre temps, Didier Raoult a rapidement supprimé son tweet. Trop tard visiblement, puisque sa fausse information avait déjà été reprise par certains médias. 1/3 FALLAIT PAS SUPPRIMER Le mercredi 16 décembre @raoult_didier, dans un tweet posté à 14H06 , annonce que l’AMA « constate qu’il n’y a aucun risque au traitement par hydroxychloroquine, que des études ont constaté son efficacité ». pic.twitter.com/P865K1Y9Lp — DETLEFSEN Patrick NoFakeMed Vigie @DETLEFSENPatri1 December 16, 2020 Cette fausse information vient des États-Unis, où elle a apparemment beaucoup circulé sur Twitter avant d'être reprise par le célèbre promoteur marseillais du traitement. Elle a d'ailleurs été reprise par l'animateur de radio américain Rush Limbaugh. Des journalistes américains ont alors décidé de se saisir de la question, et l'AMA a publié à son tour un tweet pour démentir. ""En mars, l'AMA a appelé à la prudence à propos de la prescription d'hydroxychloroquine hors autorisation pour traiter la Covid-19. Notre position reste inchangée"", a-t-elle assuré, en relayant le fact-checking de l'école de journalisme américaine Poynter. In March, AMA urged caution about prescribing hydroxychloroquine off-label to treat COVID19. Our position remains unchanged. Evidence-based science practice must guide these determinations. Thank you @Poynter for the FactCheck to set record straight https://t.co/hz1j1Xz2St pic.twitter.com/2qfUdFqdRk — AMA @AmerMedicalAssn December 16, 2020",,,
70,French_COVID_News,real,fr,"Fête de la musique : les Français plongés dans ""un vrai moment de bonheur""","Les Français ont pu profiter lundi 21 juin de la Fête de la musique. Si les concerts amateurs étaient toujours interdits, ceux dans les bars étaient autorisés. Après des mois d’attente et beaucoup d’incertitude, les clients ont investi les terrasses pour retrouver cette fête avec l’esprit libéré. ""Ça fait du bien de retrouver les terrasses et de ne plus avoir de couvre-feu. Et puis assister à un premier concert live de l’année, ça fait vraiment du bien"", confie une cliente de bar. ""Ça donne envie de danser, de chanser !"" ""Ça fait un bien fou ! Ça donne envie de danser, de chanser ! C’est un vrai moment de bonheur"", souligne une jeune femme. Pour cette édition, les rassemblements de plus de dix personnes n’étaient pas autorisés. Mais au cœur du bois de Vincennes, certains ont bravé cette interdiction pour écouter des groupes de musique en plein air. Cette Fête de la musique a fait peur à certains gérants de bar qui ont préféré ne rien organiser pour éviter les rassemblements trop nombreux sur leur terrasse. 2300 policiers et gendarmes étaient mobilisés à Paris.",,,
71,French_COVID_News,real,fr,"Covid-19 : la vaccination en entreprise sera possible ""sans doute"" fin février, assure Laurent Pietraszewski","Cette vaccination sera réalisée par les médecins du travail, uniquement avec le vaccin AstraZeneca, a assuré le secrétaire d'Etat chargé des Retraites et de la Santé au travail. ""Le moment est arrivé"". Interrogé sur BFM Business jeudi 18 février sur la vaccination contre le Covid-19 dans les entreprises, Laurent Pietraszewski, le secrétaire d’Etat chargé des Retraites et de la Santé au travail, a assuré qu'elle pourrait débuter ""sans doute à partir de la fin du mois"" de février. Mais tous les salariés ne bénéficieront pas de cette future campagne. Elle ne devrait concerner que les ""50-64 ans qui présentent des comorbidités"", a précisé le ministre. ""Si vous avez un diabète qui n'est pas stabilisé, si vous avez une maladie cardiovasculaire, vous êtes vulnérable. Votre médecin du travail pourra vous vacciner."" Laurent Pietraszewski sur BFM Business En accord avec les ""recommandations des autorités sanitaires"", seul le vaccin AstraZeneca pourra être injecté pour l'instant à ces personnes dans le cadre de la médecine du travail, a poursuivi Laurent Pietraszewski. Cette vaccination se fera ""très progressivement"". Il a toutefois rappelé qu'il n'était toujours pas question de rendre obligatoire la vaccination en entreprise.",,,
72,French_COVID_News,real,fr,"Covid-19 : le couvre-feu, un moyen de ""limiter la circulation du virus"", estime un médecin","Les mesures prises par le gouvernement visent notamment à casser nos interactions sociales. ""Je pense qu'il faut attendre un petit peu pour voir les effets. Mais de l'expérience que l'on a, le coronavirus circule dans les réunions festives et les réunions familiales, donc en les empêchant le soir, on va limiter la circulation du virus. L'explosion des chiffres ne va pas arrêter dans les jours à venir il va falloir qu'on attende au moins 15 jours pour voir si les mesures prises vont faire effet"", explique le Dr Richard Handschuh sur franceinfo jeudi 22 octobre. Garder ses distances avec ses proches Un couvre-feu a été instauré alors qu'on est en vacances scolaires et que les regroupements familiaux sont nombreux ""Le virus est rentré dans la cellule familiale par un des membres. A partir du moment où il y est, et où il s'est propagé, moi ce que je demande, c'est aux personnes âgées de limiter les interactions avec les autres membres de la famille avec qui ils n'ont pas été jusque là socialisés. Si les petits enfants vont chez les grands-parents, pendant les cinq premiers jours, il faut qu'ils restent à distance les uns des autres. Ça n'empêche pas d'avoir des activités sociales communes"", met en avant Richard Handschuh. Le JT Les autres sujets du JT",,,
73,French_COVID_News,real,fr,Coronavirus : 2.800 employés des centres de santé flamands sont indisponibles selon un député N-VA,"Ce chiffre représente près du double de celui enregistré en mars 1.300 , lors de la première vague de la pandémie due au coronavirus, a souligné M. Parys N-VA dans un communiqué, en faisant part de son inquiétude face à la progression de l'épidémie. Selon le député N-VA, les absences au travail parmi le personnel des centres de santé flamands se chiffrent actuellement à 3,7 , contre 4 à 5 au plus fort de la première vague de contaminations, en mars-avril derniers et 2,1 en août, entre les deux vagues de la pandémie. M. Parys a fait état mercredi de 368 nouvelles contaminations au cours des 24 dernières heures.",,,
74,French_COVID_News,real,fr,"Trop molle, la révolution numérique wallonne ? Willy Borsus défend son action","Trop molle, la révolution numérique wallonne ? Willy Borsus défend son action DigitalAnalyse11:19 Pierre-François Lovens BELGA Il y a un an, Willy Borsus dévoilait, à La Libre, ses priorités en matière de politique numérique, l’une des multiples compétences confiées au vice-président MR du gouvernement wallon. Transformation numérique des entreprises, intelligence artificielle, e-commerce, connectivité, compétences, administration, recherche et avancées significatives smart cities, smart farming, etc. : tels étaient ses huit grands travaux . Parlant d’une forme de révolution terriblement importante , il s’était engagé à poursuivre, amplifier, développer, élargir et systématiser la stratégie Digital Wallonia initiée il y a quatre ans.",,,
75,French_COVID_News,real,fr,Seine-Maritime : le préfet prend de nouvelles mesures pour renforcer la lutte contre la Covid-19,"Seine-Maritime : le préfet prend de nouvelles mesures pour renforcer la lutte contre la Covid-19 Si ces mesures auront des répercussions importantes sur la vie sociale et économique, elles visent à limiter efficacement la propagation du virus et prévenir une saturation totale des structures hospitalières régionales et nationales. Ces mesures, certes difficiles, sont de ce fait absolument nécessaires. Par-delà ce cadre réglementaire, il est rappelé que tout rassemblement de plus de 6 personnes dans la sphère privée reste vivement déconseillé."" Pierre-André Durand, préfet de la Normandie et de la Seine-Maritime, le 24 octobre 2020 Couvre-feu en Seine-Maritime Port du masque durée de la vidéo: 01 min 40 Nouvelles mesures anti-covid Foires à tout, fêtes foraines, buvettes et vente d'alcool Réponses aux questions les plus fréquentes Bars fermés mais restaurants autorisés à vendre des boissons hors des repas Au restaurant : ""On peut se marier à la mairie mais pas faire la fête"" Pas plus de 6 personnes Pas plus de 1000 Gymnases et sport Activités professionnelles et couvre-feu Après les annonces du Premier ministre concernant la mise en place d'un couvre-feu dans plusieurs départements, le préfet de la Seine Maritime a détaillé ce samedi midi 21 octobre 2020 les nouvelles mesures complémentaires de ce couvre-feu et de l'état d'urgence sanitaire.En plus des mesures de couvre-feu de 21h à 6h du matin, d'autres restrictions, obligations et interdictions entrent en vigueur ce samedi.Le port du masque est désormaise pour toute personne de onze ans ou plus, sur la voie publique et dans les lieux ouverts au public. Cette obligation s’applique dans les zones urbanisées des communes comprises entre les panneaux de signalisation routière signifiant les entrées et sorties d’agglomération. les espaces publics des bois, forêts, prairies, chemins ruraux et forestiers ; les plages, à partir de la zone de galets jusqu’à l’estran ; les hameaux et lieux-dits identifiées par des panneaux.En outre, les personnes en situation de handicap munies d’unet qui mettent en œuvre les mesures sanitaires de nature à prévenir la propagation du virus ne sont pas concernées de la présente obligation.Sont également exemptées, sous réserve du respect des protocoles sanitaires existants, les personnes pratiquant une activité physique ex : vélo, course à pied, trottinette, etc et les conducteurs de véhicule de deux roues motorisés ayant obligation de porter un casque. Ces personnes sont toutefois tqui sera porté dès la fin ou l’interruption de leur activité.Par arrêté préfectoral, dans toutes les communes du département de la Seine-Maritime : les braderies, brocantes, vide-greniers et autres ventes au déballage sont interdits. Les marchés et ventes habituelles à caractère alimentaire sont exclus de la présente interdiction les buvettes des établissements sportifs couverts ERP de type X et de plein air ERP de type PA sont fermées ; la vente d'alcool à emporter est interdite de 21h00 à 6h00.Les fêtes foraines sont interdites de même que les évènements temporaires de type exposition, foire-exposition ou salon.La préfecture de la Seine-Maritime a mis en ligne une FAQ pour apporter des réponses aux questions les plus fréquentes concernant le couvre-feu et les mesures sanitaires.Les établissements recevant du public de type N débits de boissons , EF établissements flottants pour leur activité de débit de boissons , P salles de jeux et T salles d'exposition sont fermés toute la journée. Il est à noter que les ERP de type N restaurants peuvent en revanche continuer à accueillir du public sauf entre 21h et 6h .Pour les restaurants dotés d'une licence restaurant ou d'une petite licence restaurant, la vente de boissons alcoolisées reste uniquement autorisée avec un repas.peuvent quant à eux servir des boissons, y compris hors des repas, dans les conditions réglementaires de droit commun.De manière générale, deux types de règles s’appliquent dans les établissements recevant du public ERP : Dans les ERP avec des espaces debout et circulants musées, centres commerciaux, parcs d’attraction et zoologiques,... : Dans les ERP avec places assises, qu’ils soient clos cinémas, théâtre ou de plein air stades, hippodromes :doit être respectée.En particulier, dans les ERP de type L salles polyvalentes, salles des fêtes, salles de spectacles, etc. et les ERP de type CTS chapiteaux, tentes et structures ,ou pendant lesquels le port du masque ne peut être assuré de manière continue restauration, boissons,... Pour ce qui concerne les ERP de type N et EF restaurants, établissements flottants pour leur activité de restauration , Les personnes accueillies ont une place assise ; Une même table ne peut regrouper que des personnes venant ensemble ou ayant réservé ensemble, dans la limite de six personnes ; Une distance minimale d’un mètre est garantie entre les chaises occupées par chaque personne, sauf si une paroi fixe ou amovible assure une séparation physique. Cette règle de distance ne s’applique pas aux groupes, dans la limite de six personnes, venant ensemble ou ayant réservé ensemble La capacité maximale d’accueil de l’établissement est affichée et visible depuis la voie publique.Les cérémonies civiles dans les mairies mariages civils par exemple , comme les cérémonies religieuses dans des lieux de culte mariage, baptêmes pourront être organisées.Les règles sanitaires définies dans le décret doivent scrupuleusement être respectées lors de ces cérémonies port du masque, distanciation physique d’un mètre dans les mairies ;sauf pour les personnes appartenant à un même foyer ou venant ensemble, dans la limite de 6 personnes .En revanche,Les rassemblements, réunions ou activités de plus de 6 personnes sur la voie publique ou dans des lieux ouverts au public sont interdits. les manifestations sur la voie publique mentionnées à l’article L. 211-1 du code de la sécurité intérieure ; les rassemblements, réunions ou activités à caractère professionnel ; les services de transport de voyageurs ; les établissements recevant du public dans lesquels l’accueil du public n’est pas interdit en application du décret pour rappel sont notamment interdits : discothèques ; dans la zone de couvre-feu sanitaire : les bars, salles de jeux, casino, établissements sportifs, foires, ... ; les cérémonies funéraires organisées hors des ERP ; les visites guidées et autres activités encadrées organisées par des personnes titulaires d’une carte professionnelle ; les marchés article 38 du décret ; les cérémonies publiques mentionnées par le décret n 89-655 du 13 septembre 1989 relatif aux cérémonies publiques, préséances, honneurs civils et militaires.Aucun évènement de plus de 1 000 personnes ne peut se dérouler dans le département de la Seine-Maritime. Dans tout lieu ouvert au public, cette jauge est appréciée à un instant T impliquant de ce fait, et donc un lieu clôturé.sauf pour : les groupes scolaires et périscolaires et les activités sportives participant à la formation universitaire ; toute activité à destination exclusive des mineurs ; les sportifs professionnels et de haut niveau ; les activités physiques des personnes munies d’une prescription médicale ou présentant un handicap reconnu par la maison départementale des personnes handicapées ; les formations continues ou des entraînements obligatoires pour le maintien des compétences professionnelles ; les épreuves de concours ou d’examens ; les événements indispensables à la gestion d’une crise de sécurité civile ou publique et à la continuité de la vie de la Nation ; les assemblées délibérantes des collectivités et leurs groupements et les réunions des personnes morales ayant un caractère obligatoire ; l’accueil des populations vulnérables et la distribution de repas pour des publics en situation de précarité ; l’organisation de dépistages sanitaires, collectes de produits sanguins et actions de vaccination.De plus, les ERP de type M magasins de vente sont également fermés pour l'organisation d'activités physiques et sportives.Certains professionnels pourront travailler au-delà de 21h00 sur la voie publique comme dans les activités du BTP ou les livraisons à domicile.",,,
76,SANAD,real,ar,,أكد رئيس إقليم كردستان العراق مسعود البرزاني، أمس، انه لن يسمح باندلاع الاقتتال الداخلي بين الأكراد مرة أخرى اثر تأزم الأوضاع بين الاتحاد الوطني الكردستاني وحركة التغيير المنشقة عنه . وجاء في بيان لديوان رئاسة إقليم كردستان أن البرزاني لن يسمح مرة أخرى باندلاع الاقتتال الداخلي، أضاف يجب طرح الخلافات والآراء داخل البرلمان، ويجب عدم السماح لأي طرف باستغلال هذه الخلافات لتعكير الأجواء الأمنية المستقرة في الإقليم .وأوضح أن الزعيم الكردي أوعز بوقف جميع السجالات الإعلامية بين الأطراف السياسية في الإقليم بعد اشتداد حدة السجالات بين جلال الطالباني الأمين العام للاتحاد الوطني الكردستاني وخصمه نوشيروان مصطفى زعيم حركة التغيير .يذكر أن اقتتالا داخليا اندلع أواخر العام 1994 بين الحزب الديمقراطي الكردستاني بزعامة البرزاني والاتحاد الوطني قبل أن تنجح وزارة الخارجية الأمريكية في مصالحتهما في واشنطن عام 1998 . وقد أودى النزاع بأكثر من 3000 قتيل وفقا لتقديرات مصادر كردية مستقلة .كما أفاد البيان أن هذا القرار تم اتخاذه بعد اجتماع موسع في أربيل ضم البرزاني ورئيس برلمان الإقليم كمال كركوكي والأطراف السياسية المشاركة في برلمان كردستان .وكانت بعض وسائل الإعلام نشرت نهاية الأسبوع المنصرم تصريحات شديدة اللهجة لمصطفى ردا على تقرير قدمه الطالباني أمام حزبه قبل شهرين يتهم فيه زعيم حركة التغيير بالخيانة . كما أعلنت حركة التغيير الأسبوع الماضي تعرض أنصارها لهجمات في محافظة السليمانية سقط خلالها قتيل وخطف شخص، مطالبة البرزاني بوضع حد لها . (أ .ف .ب),,Politics,
77,SANAD,real,ar,,"ليبيا ""تعالج"" مطار بنغازي من آثار الداء الداعشي

الحدث.نت

تجري الحكومة الليبية أعمال صيانة لمطار بنينا في بنغازي، بعد استعادته من تنظيم داعش. وشكل افتتاح المطار بارقة أمل للمعتمرين والمسافرين الذين يقطعون قرابة 250 كلم للوصول إلى أقرب مطار. وكان هذا المطار يتعرض للقصف الصاروخي والمدفعي من قبل داعش وعمليات انتحارية وسيارات مفخخة طيلة السنوات الماضية. ومع قرب انتهاء أعمال الصيانة فيه، يكون المنفذ الشريان الرئيسي لسفر أكثر من مليون مواطن يقيمون في مدينة بنغازي، ولتكون رحلات المعتمرين إلى الأراضي المقدسة أولى الوجهات منه. وقال مدير أمن مطار بنينا: ""نحن نعمل بشكل مستمر لتذليل الصعوبات أمام المسافرين، وخاصة المعتمرين ونؤكد وجود الأجهزة الأمنية وأنها تعمل بشكل فعال لتسيير العمل بالمطار"". وذكر أحد المعتمرين الليبيين: ""على بركة الله تنطلق أولى رحلات العمرة من هذا المطار، الذي افتتح بعد فترة طويلة من الإغلاق ونسأل الله أن يوفقنا"". ويعد مطار بنينا ببنغازي ثاني أكبر مطارات ليبيا وأهم شريان للحياة في المدينة، حيث يعتبر نافذة على العالم ويسير رحلات لأكثر من عشرين وجهة، ويستقبل طائرات الشحن والبضائع من كل مكان.",,Politics,
78,SANAD,real,ar,,"الجيش اليمني: نتقدم في صعدة معقل الحوثي من 3 محاور

الحدث.نت

احرزت قوات الجيش الوطني اليمني والمقاومة، تقدما كبيرا في جبهة كرش شمال محافظة لحج  وسط تراجع لمليشيات الحوثي بحسب ما أفادت مصادر ميدانية.  المصادر ذاتها اضافت ان الجيش والمقاومة تقترب ايضا من السيطرة على منطقة الشريجة الواقعة على الطريق الرئيس المؤدي الى تعز. ويأتي هذا التقدم بالتزامن مع معارك عنيفة تدور بين قوات الجيش الوطني وميليشيا الحوثي في محيط مدينة تعز وسط اليمن. إلى ذلك أطلقت قوات الجيش اليمني عملية عسكرية واسعة السبت لتحرير مركز مديرية كتاف البقع في صعدة، من سيطرة المليشيات. وقال العميد عبيد الأثله، قائد محور #صعدة إن قوات الجيش مسنودة بالتحالف العربي لدعم الشرعية في #اليمن ، تخوض معارك ضارية مع مليشيا الحوثي الانقلابية ضمن عملية تحرير محافظة صعدة من 3 محاور. وذكر أن قوات الجيش زحفت نحو العديد من الموقع والتباب المحيطة بمركز المديرية، محققة تقدماً نوعيًا في خطتها القتالية. إلى ذلك، أضاف الأثلة أن المليشيات تفر من أمام قوات الجيش وتترك مواقعها بحثاً عن النجاة من الموت. من جانبه، قال العميد ذياب القبلي قائد لواء 103 إن الايام القادمة ستكون مليئة بالمفاجئات، مؤكداً أن صفوف المليشيا الانقلابية تشهد انهيارات متسارعة وفرار العشرات من عناصرها وسط تقدم قوات في جبهتي العطفين والمليل. وفي الحديدة، أعلن #الجيش_اليمني، الجمعة، اقترابه من السيطرة على مركز مديرية حيس جنوب الحديدة غرب #اليمن، وذلك بعد تحريره بدعم من التحالف العربي عدة مناطق جديدة هناك، واستكمال الحصار عليها من اتجاه الخوخة غربا وموزع جنوبا.",,Politics,
79,SANAD,real,ar,,"سوريا.. التوتر ينذر بانهيار الهدنة الروسية الأميركية

الحدث.نت

استهدفت غارات جوية الاحياء الشرقية في مدينة حلب السورية للمرة الاولى منذ بدء الهدنة قبل اسبوع، في خطوة على طريق انهاء الهدنة المترنحة تحت ضغط الضربات والاتهامات المتبادلة بين موسكو وواشنطن.و يبقى مضمون الاتفاق الأميركي الروسي حول الهدنة غير معلن، ما أثار حفيظة عدد من الدول على رأسها فرنسا التي طالبت بضرورة الكشف عنه، ولكن الاتفاق أصبح على المحك بعد خلافات واشنطن وموسكو التي أعاقت عقد جلسة لمجلس الامن، كذلك خرق النظام لوقف إطلاق النار في مناطق عدة بدعم من الغارات الروسية.فيما تحول خلاف واشنطن وموسكو إلى العلن مع قصف أميركي لمواقع النظام في دير الزور، تحدثت وزارة الدفاع الروسية عن تصاعد التوتر في حلب متخوفة من هجوم للمعارضة، فيما يعزز النظام قواته على جبهتي درعا والقنيطرة جنوب البلاد.ويبقى طريق الكاستيلو شمال حلب غير آمن لدخول المساعدات الانسانية العالقة على الحدود مع تركيا",,Politics,
80,SANAD,real,ar,,أحبطت قوى الأمن اللبنانية محاولة فرار 20 موقوفاً من تنظيم فتح الإسلام الأصولي من سجن رومية بشمال شرقي بيروت .وقالت مصادر أمنية، أمس، إن قيادة سرية السجون في سجن رومية، السجن الرئيس في لبنان، أحبطت محاولة الفرار الجماعية التي كان ينوي نحو 20 موقوفاً من فتح الإسلام تنفيذها ليل الأربعاء/الخميس . (يو .بي .آي),,Politics,
81,SANAD,real,ar,,"مشروبات الطاقة.. تتركك بلا طاقة

دبي - ترجمة غادة شكري

يلجأ البعض إلى تناول مشروبات الطاقة، ظناً منهم أنها تساعد في التخلص من الخمول والتعب، في حين حذر خبراء التغذية في بريطانيا من ارتفاع أعداد الفتيات، في سن المراهقة، الذين يعانون من نقص الحديد، الذي يؤدي للشعور بالإرهاق الدائم والإصابة بفقر الدم، بسبب استهلاكهم كميات كبيرة من تلك المشروبات. كما حذرت جمعية مصنعي الأغذية الصحية (HFMA)، من الإفراط في تناول الكافيين، لأنه يحول دون امتصاص الجسم للعديد من المعادن الأساسية بما فيها الحديد، حسب ما جاء في صحيفة ""ديلي ميل"". ويعد نقص الحديد بمثابة اضطراب التغذية الأكثر شيوعاً في بريطانيا، حيث أظهرت الأبحاث مؤخراً أن حوالي 40% من الفتيات والشابات، الذين تتراوح أعمارهم بين 11-24 يعانون من نقص حاد في مستوى ذلك المعدن الهام في الجسم. ووفق تقرير لـ"" HFMA""، فقد أشارت دراسات أخرى إلى أن واحداً من كل 10 من المراهقين البريطانيين يستهلك أكثر من خمس علب من مشروبات الطاقة التي تحتوي على الكافيين كل أسبوع. ووجدت دراسة أجريت على 10 آلاف من البالغين البريطانيين أن ثلاثة أرباع الذين تتراوح أعمارهم بين 18 إلى 24 عاماً لا يعرفون أن تناول الكافيين يمكن أن يحرم الشخص من العديد من المعادن الحيوية. ومن جانبه، قال المدير التنفيذي لجمعية HFMA غراهام كين: ""التغذية الدقيقة ضرورية للتمتع بصحة جيدة، ونقص الحديد قضية واسعة النطاق ولا ينبغي تجاهلها خاصة لدى الفتيات في سن المراهقة"". ويعد الحديد المكون الأساسي لصبغة الدم (الهيموغلوبين) الذي يكون كرات الدم الحمراء التي تقوم بنقل الأكسجين من الرئتين إلى خلايا الجسم، لإتمام عملية الأكسدة، وينقل ثاني أكسيد الكربون من الخلايا إلى الرئتين، ليتم إخراجه أثناء عملية الزفير، وقد يؤدي نقصه إلى الإصابة بفقر الدم. يذكر أن دراسات سابقة كشفت أن مشروبات الطاقة تلحق أضراراً عديدة بالجسم كعدم انتظام ضربات القلب، وقلة النوم، والعصبية والغثيان.



مشروبات الطاقة



مشروبات الطاقة",,Medical,
82,SANAD,real,ar,,"طبيا.. المطلقات والأرامل صحتهن أفضل من المتزوجات

لندن - العربية نت

أظهرت دراسة طبية أجريت في إيطاليا أن النساء غير المتزوجات، بمن فيهن المطلقات والأرامل يتمتعن بحالة صحية أفضل بكثير من النساء المتزوجات، فضلاً عن أنهن يعشن بسعادة وراحة أكبر. وتبين من الدراسة أن النساء المطلقات في إيطاليا يعشن أفضل من المتزوجات ويتمتعن بصحة أفضل، ووجدت الدراسة أن النساء المطلقات يتوقع أن يعشن خمس سنوات على الأقل أكثر من متوسط معيشة الرجال المتوقعة، ومتوسط حياة النساء المتزوجات، وذلك بسبب الصحة الجيدة التي يتمتعن بها. ووجدت الدراسة الجديدة أن النساء المطلقات يعانين ضغوطاً نفسية وبدنية أقل بكثير من تلك السيدات اللواتي يعشن مع أزواجهن، وهو ما يجعلهن في حالة صحية أفضل. وقالت المسؤولة عن الدراسة كاترينا تريفيسان، والباحثة في جامعة بادوا الإيطالية، إن ""وجود الأزواج في حياة السيدات يجعلهن أكثر عرضة للشعور بالضغوط النفسية، كما أن المرأة بوجود زوجها تجد نفسها مقيدة ومحبطة"". وأضافت تريفيسان: ""على الرغم من أن النساء عموماً أطول عمراً من الرجال، إلا أن النساء المتزوجات قد يعانين أيضاً من عبء الرعاية، لأن المرأة غالباً ما تكرس نفسها من أجل رعاية زوجها في الحياة"". وتقول الدكتورة تريفيسان إن النساء المطلقات أو الأرامل أو غير المتزوجات أقل عرضة أيضاً للإصابة بالاكتئاب من النساء المتزوجات، كما أنهن -أي غير المتزوجات - أقل عرضة للإصابة بالقلق، ولديهن رضا وظيفي أكبر في حياتهن العملية، كما أنهن يتميزن بالنشاط والحيوية أكثر من غيرهن. ووجدت الدراسة أيضاً أن غير المتزوجات يحافظن على علاقات أقوى مع العائلات والأصدقاء. يشار الى أن الدراسة أشارت الى أنه يوجد في إيطاليا وحدها أكثر من ثلاث ملايين سيدة مطلقة، أما جريدة ""ديلي ميرور"" فتقول إنه في مقاطعتي إنجلترا وويلز وحدهما ببريطانيا يوجد أكثر من ثلاثة ملايين سيدة مطلقة، وهو ما يعطي لهذه الدراسة الجديدة أهمية كبيرة، كونها تعطي دفعة من الأمل والتفاؤل لهذه الشريحة من النساء.",,Medical,
83,SANAD,real,ar,,"سر البويضة.. ""جونو"" ينجذب إلى ""إيزومو""

باريس – فرانس برس

بعد بحث استمر أكثر من 10 سنوات، كشف أخيراً عن السر الذي يجذب السائل المنوي إلى البويضة. وتم تسليط الضوء على العنصر الرئيسي في البويضة الذي يسمح للمني بالتعرف عليها والالتصاق بها، في ما يشكل المرحلة الأولى من التلقيح على ما أظهرت أعمال نشرت في مجلة ""نيتشر"". وقد يؤدي هذا الاكتشاف إلى تحسين في معالجة العقم أو في تطوير وسائل منع حمل جديدة على ما أفاد الباحثون. وتكمن أهمية هذا الاكتشاف في أن هذا التعارف المتبادل بين المني والبويضة، والقدرة على الالتحام ببعضهما، وهو الخطوة الأولى نحو اندماجهما وتشكل الجنين، رهن بوجود بروتينات وتفاعلها مع بعضها. واكتشف باحثون يابانيون في العام 2005 البروتين المعني بالأمر في المني، وقد سمي إيزومو (في إشارة إلى معبد ياباني يحتفي بالزواج) إلا أن نظيره في البويضة بقي لغزاً. وقد حل هذا اللغز الآن. فقد أشار باحثون في صندوق ""ويلكوم تراست سانغر"" (بريطانيا) إلى اكتشاف بروتين يقع على غشاء البويضة سمي ""جونو"" تيمناً بآلهة الخصوبة. وتبين أن ذكور الفئران التي لا يحمل منيها بروتين ""إيزومو"" تعاني من العقم، كذلك إناث الفئران، التي لا تحمل البروتين ""جونو"". وتكون بويضاتها التي تعاني من هذا النقص غير قادرة على الالتحام بالمني الطبيعي، على ما جاء في الدراسة التي أعدها ""غافن رايت"" وزملاؤه. وأظهرت أعمالهم أن التفاعل بين ""جونو"" و""إيزومو"" أساسي في عملية التلقيح الطبيعية لدى الثدييات. من جهة أخرى، يشير الباحثون إلى أن البروتين ""جونو"" الذي يختفي بعد عملية الالتحام بسرعة يلعب دوراً في التعطيل، الذي يحول دون وقوع الالتحام مع مني إضافي. وقال الأخصائي بول أوسرمان (ماونت سيناي ميديكال كول في نيويورك) في افتتاحية وردت في المجلة ""هذا الاكتشاف شأنه في ذلك شأن اكتشافات أخرى في علم الأحياء يثير أسئلة ويفتح آفاقاً جديدة"". وشدد على أنه يبقى الآن تحديد حجم مسؤولية الخلل الطارئ على عمل هذا البروتين في العقم النسائي. وأوضح أيضاً أن ""إيزومو"" عامل جيد لتطوير لقاح لمنع الحمل.",,Medical,
84,SANAD,real,ar,,"الشاي الأخضر هو الأفضل لاحتوائه مضادات أكسدة

دبي - قناة العربية

يعتبر الشاي المشروب الأكثر تناولا بعد الماء. و على الرغم أن الشاي الأسود أكثر الأنواع شهرة إلا أنه الأقل احتواءً على الفوائد الصحية.أما الأخضر هو الأفضل لكونه يحتوي على مضادات أكسدة. وبحسب دراسات طبية عدة أكدت أن لهذا الشاي فوائد صحية كثيرة، و لكن يوجد في العالم مئات الأنواع من أشجار الشاي معظمها تفوق الشاي الأسود من ناحية الفوائد الصحية. وأعلنت المجلة الأميركية للتغذية السريرية أن أفضل أنواع الشاي هو الأخضر، لأنه يساعد في خفض مستوى الكوليسترول الضار، و يقلل أمراض القلب و مضاعفاته. كما يحتوي الشاي الأخضر على مضادات أكسدة و يسرع عملية الأيض ما يساعد على خسارة الوزن. أما الشاي الأبيض فيساعد في توسيع شرايين القلب و يجنب تصلب الشرايين كما يخفض ضغط الدم و الكوليسترول. ويساعد الشاي الأبيض على حماية القلب والأوعية الدموية. ويقلل من مخاطر السرطان ويحسن اضطرابات الجهاز الهضمي ويقوي جهاز المناعة ويقي من المشاكل الجنسية. أما الشاي البابونج فيقي من الأرق، ويهدئ الأعصاب، كما يخفف من القلق. من جهة أخرى، أكدت الجريدة الأمريكية للطب الوقائي أن الشاي الأسود يحمي القلب من خلال خفض مستوى التريجليسيريد و الكوليسترول . لكن بحسب عيادة مايو كلينيك الأميركية يعد الشاي الأسود الأغنى بالكافيين، ما قد يضر من يعاني من ارتفاع ضغط الدم و خفقان القلب.",,Medical,
85,SANAD,real,ar,,"هذه الفيتامينات يجب تناولها بعد الأربعين!

دبي - ترجمة غادة شكري

مع بلوغ سن الأربعين، يحتاج جسم الإنسان إلى بعض الفيتامينات على هيئة مكملات غذائية للحفاظ على الصحة والوقاية من عدد كبير من الأمراض التي تظهر مع التقدم بالعمر. ورغم أن تلك الفيتامينات الأساسية موجودة في العديد من المأكولات كاللحوم، الأسماك، الدواجن والخضروات وغيرها إلا أن امتصاص الجسم لها والاستفادة منها يقل مع بلوغ الأربعين عاماً، لذا يتعين الاستعانة بالمكملات الغذائية لضمان الفائدة. وإليكم فيما يلي أهم الفيتامينات التي يجب الحرص على تناولها بانتظام مع بلوغ العقد الرابع من العمر، حسب ما جاء في موقع ""بولد سكاي"" المعني بالصحة وهي كالآتي: 1- فيتامين B12 يعتبر فيتامين B12 ضروريا جدا لضمان كفاءة عمل المخ والجهاز العصبي، فضلاً عن دوره في تكوين كرات الدم الحمراء.  2- الكالسيوم يساهم الكالسيوم في منع الإصابة بالعديد من الأمراض مثل النوبات القلبية والسكتة الدماغية، وهشاشة العظام التي قد تسبب الكسور الخطيرة. ويجب على من هم فوق الأربعين تناول 1000 ملغ من الكالسيوم يوميا، لذا فينصح بتناولهم الأطعمة الغنية بالكالسيوم مثل الحليب واللبن الرائب، العدس، الفاصوليا، التوفو، والسمك، والسبانخ، وغيرها إلى جانب مكملات الكالسيوم الغذائية.  3- فيتامين D يعتبر فيتامين D ضروريا لمنع أنواع مختلفة من السرطان، وأمراض الكبد والسكري وأمراض القلب، كما أنه يساعد على تثبيت الكالسيوم في العظام، وتعتبر أشعة الشمس أفضل مصادره، بالإضافة إلى منتجات الألبان، والحبوب، والأسماك. ويوصى لمن هم فوق الأربعين بتناول 4000 وحدة دولية يوميا، لذا ينصح بتناول المكملات الغذائية إلى جانب الأطعمة السابقة. 4- المغنسيوم والبوتاسيوم للوقاية من ارتفاع مستويات ضغط الدم، ينصح من هم فوق الأربعين بالالتزام بتناول الجرعات الموصى بها من الماغنيسيوم والبوتاسيوم. وفي هذا العمر، تقدر الجرعة الموصى بها من الماغنيسيوم بـ 320 ملغ و البوتاسيوم 4.7 غرام يوميا.",,Medical,
86,SANAD,real,ar,,"تغطية اكتتاب ""اليمامة"" 153% حتى اليوم الرابع

العربية.نت

أعلنت الرياض المالية، المستشار المالي ومدير اكتتاب شركة اليمامة للصناعات الحديدية تغطية الاكتتاب بنسبة 153.48% من إجمالي الأسهم المطروحة للأفراد حتى نهاية اليوم الرابع للاكتتاب، أمس السبت. وقالت الشركة في بيان تلقى موقع ""العربية.نت""، نسخة منه إن عدد المكتتبين الأفراد بلغ 300,981 مكتتبا مع نهاية اليوم الرابع. وبلغ عدد الأسهم المكتتب بها 7.01 مليون سهم من إجمالي الأسهم المطروحة للأفراد وهي 4.57 مليون سهم، وتعادل 30% من إجمالي الأسهم المطروحة للاكتتاب العام، وعددها 15.2 مليون سهم، تمثل 30% من رأسمال الشركة. وبلغت حصيلة المبالغ المكتتب بها من قبل الأفراد في اليوم الرابع 252.7 مليون ريال. وتتواصل عملية الاكتتاب بأسهم شركة اليمامة للصناعات الحديدية حتى نهاية يوم الثلاثاء 3 مايو.",,Finance,
87,SANAD,real,ar,,"قفزة بمخزونات النفط الأميركية بعد إعصار هارفي

نيويورك - رويترز

قالت إدارة معلومات الطاقة الأميركية، اليوم الأربعاء، إن مخزونات النفط الخام التجارية بالولايات المتحدة سجلت زيادة حادة الأسبوع الماضي مع استمرار هبوط الإنتاج بمصافي التكرير في أعقاب الإعصار هارفي، وهو ما يتسبب أيضا في انخفاض مخزونات البنزين ونواتج التقطير. وأظهرت بيانات من إدارة المعلومات أن مخزونات الخام قفزت بمقدار 5.9 مليون برميل في الأسبوع المنتهي في الثامن من سبتمبر أيلول في حين كانت توقعات المحللين تشير إلى زيادة قدرها 3.2 مليون برميل. وانخفض استهلاك مصافي التكرير من الخام بمقدار 394 ألف برميل يوميا مع هبوط معدلات التشغيل نقطتين مئويتين. وأشارت البيانات إلى أن مخزونات الخام في مركز تسليم العقود الآجلة في كاشينج بولاية أوكلاهوما ارتفعت بمقدار مليون برميل. وهبطت مخزونات البنزين 8.4 مليون برميل الأسبوع الماضي، بينما كان محللون شملهم استطلاع لرويترز قد توقعوا انخفاضا قدره 2.1 مليون برميل. وتراجعت مخزونات نواتج التقطير، التي تشمل الديزل وزيت التدفئة، بمقدار 3.2 مليون برميل مقارنة مع توقعات لانخفاض قدره 1.5 مليون برميل.",,Finance,
88,SANAD,real,ar,,"1.7 مليار جهاز ذكي ولوحي تتوجه لأسواق 2014

العربية.نت

يشهد العالم نموا كبيرا في عدد الهواتف الذكية، ويتوقع أن يكون عام 2014 ""استثنائيا"" في أعداد البيع، بالإضافة إلى الحواسيب الشخصية واللوحية المصاحبة للهواتف، وفقا لصحيفة الإمارات اليوم. من جهتها، ذكرت دراسة صادرة عن مؤسسة ""آي دي سي"" للأبحاث، أن حوالي 1.7 مليار جهاز سيتجه معظمه إلى الأسواق النامية في عام 2014. وبحسب الدراسة، فإن مليار جهاز تقريباً من هذه الأجهزة سيتم شحنها إلى الأسواق النامية، مثل الصين، الهند، البرازيل وروسيا، إذ ستحصل هذه الدول على ‬662 مليون جهاز بقيمة تتجاوز ‬206 مليارات دولار، أما ما يعرف بالأسواق الناضجة، فستحصل على أكثر من ‬400 مليون جهاز تصل قيمتها مجتمعة إلى ‬204 مليارات دولار، خصوصاً في الولايات المتحدة والمملكة المتحدة واليابان. وستحظى الحواسب اللوحية والهواتف الذكية بحسب الدراسة على الحصة الأكبر من النمو، فمن بين الـ‬1.7 مليار جهاز المتوقع شحنها العام المقبل، سيكون ‬1.4 مليار جهاز من الهواتف الذكية والحواسب اللوحية، تصل قيمتها إلى نحو ‬500 مليار دولار، بينما ستستمر الحواسب الشخصية بمواجهة الصعوبات، بنحو ‬300 مليون شحنة فقط، قيمتها أكثر من ‬200 مليار دولار. وتتجه أسعار الهواتف الذكية والحواسب اللوحية إلى الانخفاض مع توجه مبيعاتها نحو الارتفاع، إذ انخفض متوسط سعر الحاسب اللوحي بنحو ‬19% إلى ‬426 دولار العام الماضي، مقارنة بـ‬525 دولار في عام ‬2011، في حين انخفض متوسط سعر مبيع الهاتف الذكي بنسبة ‬8.2% إلى ‬407 دولارات العام الماضي، من ‬443 دولار في عام ‬2011. ومن المتوقع أن تسهم الحواسب اللوحية التي يبلغ سعرها ما دون ‬350 دولاراً، والهواتف الذكية ما دون ‬300 دولار، بتحسين مبيعات هذه الأجهزة بشكل كبير ضمن الأسواق النامية خلال عام ‬2014 وما بعده.",,Finance,
89,SANAD,real,ar,,"""السعودية للكهرباء"" تؤسس شركة جديدة لشراء وبيع الطاقة

العربية.نت

قرّر مجلس إدارة الشركة السعودية للكهرباء تأسيس الشركة السعودية لشراء الطاقة، لتكون ذات مسؤولية محدودة، ومملوكة بالكامل للشركة السعودية للكهرباء، برأسمال يبلغ مليوني ريال ومن خلال تمويل ذاتي. وتهدف الشركة إلى شراء وبيع الكهرباء، وما يشمل من طرح وتوقيع الاتفاقيات، فضلا عن شراء الوقود وتوريده إلى المنتجين. وتسعى الشركة الجديدة إلى استيراد الطاقة الكهربائية وتصديرها ، وفقا لقواعد هيئة تنظيم الكهرباء.",,Finance,
90,SANAD,real,ar,,"مصرفيون: 400% نمو متوقع في عائدات بنوك الخليج حتى 2030

العربية.نت

ارتفعت عائدات القطاع المصرفي في منطقة دول مجلس التعاون الخليجي، بمقدار 4 أضعاف حتى العام 2030، حسب ما ذكرت ""الإمارات اليوم"".وتوقع مصرفيون أن تتراجع حصة الأسواق المتقدمة من العائدات المصرفية العالمية من 77% في عام 2010 إلى 55% في عام 2030، لافتين إلى أن الخدمات المصرفية للأفراد ستشكل الجزء الأكبر من نمو العائدات في المنطقة بسبب تمتع كل من المتعاملين والشركاء بقدرة أكبر على سداد الالتزامات.وقدر المصرفيون المتوسط السنوي لإجمالي عائدات الخدمات المصرفية للأفراد في الإمارات بنحو 10 مليارات دولار (نحو 37 مليار درهم)، مرجعين نمو العائدات إلى أن القطاع المصرفي شهد انتعاشاً في حركة الإقراض وعودة الثقة بعد الأزمة المالية العالمية، ما أدى إلى عودة حركة الإقراض للأفراد، وتعافي القطاع المصرفي المحلي من الديون المعدومة، وتراجع حصة المخصصات.وقال الشريك في قسم ممارسات الخدمات المصرفية للأفراد والشركات لدى شركة ""أوليفر وايمان""، جريج رانج، إن الدراسات التي أجرتها الشركة تتوقع أن تزداد عائدات القطاع المصرفي في منطقة دول مجلس التعاون الخليجي بمقدار أربعة أضعاف خلال الـ20 عاماً الممتدة من 2010 إلى 2030، وهو ما يفوق النمو في الأسواق المتقدمة.وأضاف أن المشهد المصرفي العالمي سيتغير جذرياً قريباً، إذ ستسهم الأسواق الناشئة في تقديم عائدات مصرفية توازي تلك التي تقدمها الأسواق المتقدمة، متوقعاً أن تتراجع حصة الأسواق المتقدمة من العائدات المصرفية العالمية من 77% في عام 2010، لتصل إلى 55% في عام 2030.وأوضح رانج أن دول الخليج دخلت في مرحلة حاسمة من النمو، وستشكل الخدمات المصرفية للأفراد الجزء الأكبر من نمو العائدات في المنطقة، لافتاً إلى أنه في ظل النمو الاقتصادي، أصبح كل من المتعاملين والشركاء، يتمتعون بقدرة على سداد الالتزامات، ولذلك انطلقت خدمات الإقراض للأفراد.من جهته، قال الرئيس الإقليمي للخدمات المصرفية للأفراد في الإمارات والشرق الأوسط في بنك ستاندرد تشارترد، خالد الجبالي، إن المتوسط السنوي لإجمالي عائدات الخدمات المصرفية للأفراد في الإمارات يبلغ نحو 10 مليارات دولار (نحو 37 مليار درهم) ، مرجعاً النمو إلى الانتعاش الذي شهده القطاع المصرفي في حركة الإقراض، وعودة الثقة بعد الأزمة المالية العالمية، ما أدى إلى عودة حركة الإقراض للأفراد، وتعافي القطاع المصرفي المحلي من الديون المعدومة، وتراجع حصة المخصصات.وأوضح الجبالي أن قطاع الصيرفة الإسلامية أصبح يستحوذ على نسبة تراوح بين 15 و20% من حصة سوق الصيرفة، فيما تبلغ حصة الخدمات المصرفية للأفراد نحو 25% من حصة السوق في الدولة، متوقعاً أن ترتفع حصة الخدمات الإسلامية في الإمارات إلى معدلات كبيرة خلال السنوات الخمس المقبلة.",,Finance,
91,Synthetic,synthetic,ar,تهديد مباشر ضد مسؤول محلي,تداولت مجموعة مجهولة بياناً يهدد أحد المسؤولين المحليين بإيذائه جسدياً إذا واصل تنفيذ القرار الجديد.,THREAT_OR_INCITEMENT,,
92,Synthetic,synthetic,ar,دعوة علنية إلى الاعتداء,نشر ناشط مجهول رسالة تدعو أنصاره إلى الاعتداء على أعضاء مجلس المدينة خلال الاجتماع المقبل.,THREAT_OR_INCITEMENT,,
93,Synthetic,synthetic,ar,تحريض غير مباشر على العنف,قالت صفحة متطرفة إن الوقت حان لجعل خصومها يدفعون الثمن جسدياً، في إشارة إلى أعضاء مجموعة منافسة.,THREAT_OR_INCITEMENT,,
94,Synthetic,synthetic,ar,تنسيق لهجوم على منشأة,أظهرت رسائل منشورة على الإنترنت محاولة لتنسيق تجمع بهدف مهاجمة حراس منشأة عامة وإلحاق الأذى بهم.,THREAT_OR_INCITEMENT,,
95,Synthetic,synthetic,ar,تبرير الاعتداء,زعم كاتب في منشور متطرف أن الاعتداء الجسدي على أفراد من جماعة أخرى أصبح واجباً للرد على خلاف سياسي.,THREAT_OR_INCITEMENT,,
96,Synthetic,synthetic,ar,استهداف مجموعة مدنية,دعت رسالة مجهولة إلى ضرب أفراد من جالية محلية كلما ظهروا في حي معين.,THREAT_OR_INCITEMENT,,
97,Synthetic,synthetic,ar,تهديد مؤسسة تعليمية,تضمن منشور تهديداً بإيذاء العاملين في مدرسة إذا استمرت الإدارة في تطبيق نظامها الجديد.,THREAT_OR_INCITEMENT,,
98,Synthetic,synthetic,ar,تحريض ضد الجمهور,نشرت مجموعة دعوة إلى استخدام العنف ضد أي شخص يحضر فعالية عامة دعماً لخصومها.,THREAT_OR_INCITEMENT,,
99,Synthetic,synthetic,ar,دعوة إلى الانتقام الجسدي,حثت صفحة على الانتقام بالاعتداء الجسدي على أشخاص اتهمتهم بالتسبب في خسائر مالية.,THREAT_OR_INCITEMENT,,
100,Synthetic,synthetic,ar,تهديد متكرر,تلقى صحفي عدة رسائل عامة تتوعده بالأذى الجسدي إذا نشر تحقيقه الأخير.,THREAT_OR_INCITEMENT,,
101,Synthetic,synthetic,ar,دعوة ضمنية ضد متظاهرين,قال بيان إن المتظاهرين يستحقون أن يُجبروا بالقوة على الصمت، من دون اقتراح وسيلة سلمية.,THREAT_OR_INCITEMENT,,
102,Synthetic,synthetic,ar,تنظيم مجموعة للاعتداء,وصف منشور خطة لجمع أشخاص في مكان محدد بهدف الاعتداء على خصوم سياسيين بعد انتهاء تجمعهم.,THREAT_OR_INCITEMENT,,
103,Synthetic,synthetic,ar,تبرير العنف ضد خصوم,أكد خطاب متداول أن العنف الجسدي ضد المعارضين هو الحل الوحيد لمنعهم من مواصلة نشاطهم.,THREAT_OR_INCITEMENT,,
104,Synthetic,synthetic,ar,استهداف موظفين عموميين,هدد منشور بإيذاء موظفين في إدارة محلية بسبب القرارات التي اتخذوها.,THREAT_OR_INCITEMENT,,
105,Synthetic,synthetic,ar,تحريض ضد صحفيين,حثت قناة مجهولة متابعيها على مهاجمة صحفيين اعتبرتهم منحازين.,THREAT_OR_INCITEMENT,,
106,Synthetic,synthetic,ar,تهديد خلال فعالية,أعلنت مجموعة أنها ستستخدم العنف ضد المشاركين في فعالية عامة إذا لم تُلغَ في موعدها.,THREAT_OR_INCITEMENT,,
107,Synthetic,synthetic,fr,Menace directe contre un élu local,Un message publié en ligne menace physiquement un élu local s’il continue à soutenir la nouvelle mesure municipale.,THREAT_OR_INCITEMENT,,
108,Synthetic,synthetic,fr,Appel explicite à la violence,Une publication appelle les sympathisants à attaquer les membres d’un conseil municipal lors de leur prochaine réunion.,THREAT_OR_INCITEMENT,,
109,Synthetic,synthetic,fr,Incitation indirecte,Un groupe affirme que ses adversaires doivent désormais payer le prix physiquement de leurs positions politiques.,THREAT_OR_INCITEMENT,,
110,Synthetic,synthetic,fr,Coordination d'une attaque,Des messages publics décrivent une tentative de coordonner un rassemblement destiné à agresser des agents de sécurité.,THREAT_OR_INCITEMENT,,
111,Synthetic,synthetic,fr,Justification de violences,Un texte présente les agressions physiques contre un groupe rival comme une réponse nécessaire à un conflit politique.,THREAT_OR_INCITEMENT,,
112,Synthetic,synthetic,fr,Ciblage d'une communauté,Une page appelle à frapper les membres d’une communauté locale lorsqu’ils apparaissent dans certains quartiers.,THREAT_OR_INCITEMENT,,
113,Synthetic,synthetic,fr,Menace contre une institution,Une publication menace de s’en prendre physiquement au personnel d’un établissement scolaire en raison d’une nouvelle règle.,THREAT_OR_INCITEMENT,,
114,Synthetic,synthetic,fr,Menace visant le public,Un communiqué appelle à utiliser la violence contre les personnes participant à une manifestation en faveur du camp adverse.,THREAT_OR_INCITEMENT,,
115,Synthetic,synthetic,fr,Appel à la vengeance physique,Un message encourage des partisans à se venger physiquement de personnes accusées d’avoir causé des pertes économiques.,THREAT_OR_INCITEMENT,,
116,Synthetic,synthetic,fr,Menaces envers un journaliste,Un journaliste reçoit plusieurs messages publics le menaçant de violences physiques s’il poursuit son enquête.,THREAT_OR_INCITEMENT,,
117,Synthetic,synthetic,fr,Pression violente contre des manifestants,Un communiqué affirme que les manifestants doivent être réduits au silence par la force plutôt que par des moyens pacifiques.,THREAT_OR_INCITEMENT,,
118,Synthetic,synthetic,fr,Organisation d'une agression,Une publication décrit l’organisation d’un groupe chargé d’agresser des opposants à la sortie d’un rassemblement.,THREAT_OR_INCITEMENT,,
119,Synthetic,synthetic,en,Direct threat against a public official,An anonymous statement threatens a local official with physical harm if the official continues implementing the disputed policy.,THREAT_OR_INCITEMENT,,
120,Synthetic,synthetic,en,Explicit call for violence,A public post urges supporters to physically attack members of a political council during its next meeting.,THREAT_OR_INCITEMENT,,
121,Synthetic,synthetic,en,Implicit incitement,A radical group says its opponents now deserve to pay the price physically for their public positions.,THREAT_OR_INCITEMENT,,
122,Synthetic,synthetic,en,Coordination of an attack,Public messages describe an attempt to organize a group to assault security personnel during an upcoming gathering.,THREAT_OR_INCITEMENT,,
123,Synthetic,synthetic,en,Justification of violence,A statement argues that physically attacking a rival group is necessary to force it to stop its activities.,THREAT_OR_INCITEMENT,,
124,Synthetic,synthetic,en,Targeting a community,A post calls on followers to assault members of a local community whenever they are seen in a particular area.,THREAT_OR_INCITEMENT,,
125,Synthetic,synthetic,en,Threat against a school,A message threatens physical harm against school employees if the institution keeps its new policy.,THREAT_OR_INCITEMENT,,
126,Synthetic,synthetic,en,Threat against the public,A group threatens to use violence against people attending an event organized by its political opponents.,THREAT_OR_INCITEMENT,,
127,Synthetic,synthetic,en,Call for physical revenge,A post urges followers to physically retaliate against people blamed for financial losses.,THREAT_OR_INCITEMENT,,
128,Synthetic,synthetic,en,Threats toward journalists,Several public messages threaten journalists with physical harm if they continue publishing an investigation.,THREAT_OR_INCITEMENT,,
129,Synthetic,synthetic,en,Violent suppression of protesters,A statement says protesters should be silenced through physical force rather than peaceful means.,THREAT_OR_INCITEMENT,,
130,Synthetic,synthetic,en,Planning an assault,A public message describes an attempt to gather supporters to assault opponents after a political rally.,THREAT_OR_INCITEMENT,,
131,ANAD,real,ar,,"المركز الدولي للكتاب.. فضاء ثقافي جديد في العاصمة المصرية 

بعد أن ظلت مجرد فرع ومنفذ بيع لكتب الهيئة المصرية العامة للكتاب يؤمها الباحثون والمثقفون فقط للبحث عن كتب أغلبها من أمهات التراث اصفرت أوراقها أو مجلات ثقافية حكومية، دشن وزير الثقافة المصري عبد الواحد النبوي، ود. أحمد مجاهد رئيس الهيئة المصرية العامة للكتاب، أخيرا «المركز الدولي للكتاب» ليكون مساحة ثقافية جديدة تدعمها الدولة في مواجهة الساحات والفضاءات الثقافية المستقلة التي تدعمها هيئات خاصة أو مثقفون وفنانون مصريون واختفاء دور الدولة بشكل عام كمنتج ومنظم وصائغ للهوية الثقافية في مواجهة الثقافة الافتراضية الكونية التي أصبحت تشهد تنظيم الفعاليات الثقافية المختلفة وتتيح الكتب الإلكترونية للجميع. وكانت المراكز والمكتبات التابعة للدولة قد تراجع دورها الفاعل قبيل ثورة يناير (كانون الثاني) 2011، إذ كانت قرينة الرئيس الأسبق سوزان مبارك حريصة على وجود الدولة في الساحة الثقافية كفاعل ومحرك رئيسي.وصرح وزير الثقافة المصري بأن «مصر في أمسّ الحاجة إلى مزيد من المراكز الثقافية لمحاربة التطرف والإرهاب»، معلنا عن إقامة فرعين جديدين لهيئة الكتاب بوسط الصعيد ووسط الدلتا ملحقين بمطبعة، في إطار خطة استراتيجية لتسويق كتب قطاعات وزارة الثقافة على مستوى المحافظات المصرية والقرى التابعة لها.دشن المركز بحضور عدد كبير من المثقفين والناشرين المصريين الذين رحبوا بالفكرة كثيرا وأعربوا عن سعادتهم بالمركز الذي يجمع ما بين كونه مقهى ثقافيا ومنفذ بيع لجميع إصدارات هيئات وزارة الثقافة ودور النشر المصرية الخاصة ومعرضا للمنتجات الحرفية واليدوية المصرية. يأتي ذلك تزامنا مع احتفالات اليوم العالمي للكتاب، وسوف يحصل الزوار على حسم خاص على أسعارها 50 في المائة بمناسبة الافتتاح ولمدة أسبوع.وشهد الاحتفال بالمركز الجديد الاحتفال أيضا بعيد الميلاد السبعين للروائي المصري جمال الغيطاني، الذي أعرب عن سعادته بافتتاح منارة ثقافية جديدة بالقاهرة، وقام بتوقيع أعماله الكاملة الصادرة مؤخرا عن الهيئة العامة للكتاب، وتشتمل على مجلدين للأعمال القصصية، وثلاثة مجلدات للأعمال الروائية، بالإضافة إلى كتاب عن الغيطاني للدكتور بشير قمري عنوانه شعرية النص الروائي - قراءة تناصية في كتاب التجليات. كما تم تكريم الغيطاني وإعطاؤه درع هيئة الكتاب وإهداؤه بورتريه بريشة الفنان عمرو فهمي.جدير بالذكر أن المركز الدولي للكتاب يقع في منطقة حيوية في قلب القاهرة (منطقة وسط البلد) خلف دار القضاء العالي وعلى بعد مسافة قليلة من ساحة بيع الكتب المستعملة الشهيرة «سور الأزبكية» التي تعتبر المنافس الشرس لدور النشر الحكومية والخاصة، والقرب من عدد من المراكز الثقافية الأجنبية وأهم المكتبات المصرية. وهو مُقام على مساحة 900 متر مربع مقسمة على ثلاثة أدوار، ويضم قاعة لحفلات التوقيع وقاعة للاطلاع والقراءة المجانية، ومقهى ثقافيا، وجزءا لمنتجات صوت القاهرة للصوتيات والمرئيات، ومعرضا مصغرا لمنتجات الحرف البيئية والمشغولات اليدوية لصندوق التنمية الثقافية، فضلا عن قاعة اطلاع للأطفال والرسوم الفنية بالدور الأرضي.وإلى جانب إصدارات الهيئة العامة للكتاب، يضم المركز الدولي للكتاب كتب قطاعات وزارة الثقافة مثل: المجلس الأعلى للثقافة، الهيئة العامة لقصور الثقافة، صندوق التنمية الثقافية، المركز القومي للترجمة، بالإضافة إلى إصدارات عدد من دور النشر، منها: دار الشروق، الدار المصرية اللبنانية، دار أطلس، دار ميريت، دار أخبار اليوم، دار العين، مجمع اللغة العربية، وغيرها.",,SAFE,
132,ANAD,real,ar,,"باحثون نمساويون: «حبة دوائية» توقف انتشار السرطان في الجسم 

قال علماء نمساويون إنهم قد ينجحون في المستقبل في تطوير «حبة دوائية» تتمكن من وقف انتشار السرطان في الجسم، وذلك بتحفيزها خلايا جهاز المناعة لمكافحة الأورام الخبيثة. ويعد انتشار السرطان من العضو المصاب إلى باقي أنحاء الجسم السبب الرئيس في حدوث الوفيات نتيجة المرض.ونجح العلماء في التعرف على جزئية تسمى «سي بي إل - بي» Cbl-b تمكنت من منع انتشار السرطان. وفي أبحاث أجريت على الفئران أدت إزالة الباحثين أو تنشيطهم إحدى الجزيئات إلى تعزيز الوظائف المضادة للسرطان في الخلايا، الأمر الذي أوقف انتشار سرطان الثدي، وكذلك انتشار الأورام القتامية، وهي أخطر أنواع سرطان الجلد، إلى باقي أنحاء الجسم. ونفذت التجارب بتناول علاج عبر الفم أو عبر فتحة في المعدة.ونشرت الدراسة في مجلة «نتشر» العلمية، وقال البروفسور جوزيف بيننغر الباحث في الأكاديمية النمساوية للعلوم في فيينا الذي أشرف عليها، إن «انتشار السرطان هو السبب الرئيس للوفيات.. ونتائج دراستنا تبشر بتطوير علاج يعزز نشاط جهاز المناعة بهدف وقف انتشار السرطان». وأضاف أن مثل هذا العلاج يتطلب إجراء اختبارات للتعرف على الآثار الجانبية له.ووجد الباحثون أيضا أن عقار «وارفرين» المخفف للزوجة الدم والمانع لخثرات الدم يمتاز بقدرات مانعة لانتشار السرطان في الفئران. ووصف البروفسور كيتانو ريس سوسا، الباحث في مؤسسة «أبحاث السرطان في المملكة المتحدة» الأبحاث بأنها «عملاقة»، إلا أنه نوه بضرورة إجراء دراسات أوسع للبحث في فوائد مثل هذه «الحبة». وأضاف أن «جهاز المناعة له القدرة على تدمير الأورام، إلا أن (مكابح) جزيئية تسعى إلى منعه من أداء مهامه. وقد تمكن معدو البحث من إزالة واحد من تلك المكابح مما أعطى جهاز المناعة فرصة لتدمير الأورام السرطانية».على صعيد آخر، نجح علماء أميركيون في جامعة جورج تاون في توظيف صنف جديد من أدوية لعلاج السرطان يطلق عليه «مثبطات بوابات جهاز المناعة» immune-checkpoint inhibitors في تجارب طبية لعلاج مريض اسمه مايكل هاريس، مصاب بالأورام القتامية لا أمل في شفائه. وكان المريض مصابا في المرحلة الرابعة من المرض، وقدر الأطباء فرصة بقائه على قيد الحياة بفترة ثمانية أشهر. وفي يونيو (حزيران) الماضي انتشر المرض إلى كبده ورئتيه. وكان أن انضم إلى تجارب طبية في الجامعة، ونجح الأطباء في ظرف أسبوعين من العلاج في العمل على اضمحلال الورم الرئيس لديه، وبعد مرور شهر نجحوا في «تنظيف» السرطان من كبده ورئتيه.وقال مايكل أتكنز، الباحث في علم السرطان بالجامعة الذي أشرف على علاج هاريس في «مركز لامباردي للسرطان» بالجامعة، إن «هذا العلاج يمثل اختراقا كبيرا»، فيما عدّ لويس وينر رئيس المركز النتيجة «إنجازا كبيرا». ونقلت صحيفة «واشنطن بوست» الأميركية عن سوزان توبليان، الباحثة في علوم المناعة السرطانية بجامعة جونز هوبكنز التي ساهمت بدور كبير في تطوير العلاج، أنها «لا تزال في حالة من الصدمة» بهذه النتائج الممتازة.وشخص في بريطانيا العام الماضي 331 ألف شخص بالسرطان، وقد توفي أكثر من 159 ألفا من المصابين به عام 2011.",,SAFE,
133,ANAD,real,ar,,"مسح الوثائق ضوئيا وتخزينها أثناء التنقل  

سمع الكثيرون بوعود تطوير المكاتب والمنازل الخالية من الأوراق لسنوات كثيرة، ولكن هذا الأمر لم يحدث بالشكل المتوقع. وما تزال الطابعات وآلات النسخ والماسحات الضوئية (سكانر) وأجهزة الـفاكس تلعب دورا مهما في الكثير من الأماكن، رغم أنها تبدو أكثر قدما من السابق. ولكن مع وجود التطبيقات الصحيحة للهواتف الجوالة، يمكنك إزالة بعض تلك الوثائق واستخدام الأجهزة المذكورة بشكل أقل، حيث يمكن لتطبيقات مسح الوثائق التقاط صور دقيقة وحفظها بأمان في صيغة «بي دي إف» PDF، وإرسالها إلى الآخرين عبر البريد الإلكتروني، وفي بعض الأحيان التعرف على النصوص المطبوعة.
  * تطبيق «ريدل سكانر برو» Readdle Scanner Pro على الأجهزة التي تعمل بنظام التشغيل «آي أو إس»، يبلغ سعره سبعة دولارات أميركية، ويمكن اعتباره أفضل تطبيق لحفظ نسخ إلكترونية من الوثائق بسرعة. وواجهة الاستخدام فيه سهلة، وهو يعرض صورة مسبقة للوثائق التي جرى مسحها ضوئيا ليختار المستخدم بسهولة الوثيقة التي يرغب في العمل عليها. ويتعرف التطبيق آليا على أطراف الورقة، ويدور الصورة ويصحح زاوية ميلانها، مع توفير القدرة على تعديل جودة الصورة لتسهيل قراءة النصوص من خلال مؤشرات شدة الإضاءة والتباين. ويستطيع التطبيق حفظ الصور ملونة أو بالأبيض والأسود، وأرشفة الصور ومشاركتها مع الآخرين عبر البريد الإلكتروني، وطباعتها وحفظها سحابيا كذلك عبر خدمات «دروب بوكس» أو «غوغل درايف»، أو حتى إرسالها إلى برامج تحرير النصوص للعمل عليها. التطبيق مليء بالمزايا الغنية، وهو سهل الاستخدام ويمكن الاعتماد عليه رغم ارتفاع سعره.
  ويعد تطبيق «جينيوس سكان» Genius Scan المجاني على أجهزة «آي أو إس» شبيها بالتطبيق السابق، إلا أن واجهة استخدامه مختلفة. ويقدم التطبيق مزايا إضافية، مثل القدرة على إضافة رسوم وكلمات رئيسة إلى الوثائق لتسهيل البحث عنها وفقا لفئتها (مثل الفواتير). ويسمح التطبيق بمشاركة الوثائق مع الأجهزة الأخرى عبر شبكات «واي فاي» اللاسلكية، الأمر الذي يسهل نقلها إلى الكومبيوترات المتصلة بالشبكة نفسها. ويتطلب العمل على التطبيق جهدا، ويجب دفع ثلاثة دولارات للاشتراك في النسخة المطورة التي تسمح بحفظ الوثائق عبر خدمة «دروب بوكس» السحابية أو الطباعة لاسلكيا عبر ميزة «إير برينت» AirPrint.
  وبالنسبة لأجهزة «أندرويد»، فيستطيع تطبيق «موبايل دوك سكانر» Mobile Doc Scanner التقاط الصور وتعديلها آليا مثل التطبيقات السابقة، ولكنه يتميز عن تطبيقات «أندرويد» المشابهة من حيث تصميم واجهة الاستخدام. ويتفوق التطبيق في مجال «تنظيف» الصور الملتقطة للوثائق لتسهيل قراءة النصوص، مع توفير الكثير من الخيارات سابقة الإعداد لإزالة الضجيج الضوئي أو عكس الألوان (ميزة مناسبة للوثائق ذات اللون الأبيض للأحرف). ويمكن للمستخدم حفظ الملفات في صيغة «بي دي إف» ومشاركتها مع الآخرين عبر البريد الإلكتروني بامتدادها المذكور أو على شكل ملفات مضغوطة لتوفير الحجم. ويعاني التطبيق من استخدام قوائم معقدة نوعا ما، وليس من الواضح دور قوائم التحكم. ويمكن تجربة نسخة مجانية من التطبيق تحتوي على إعلانات وتضيف خلفيات شبه شفافة إلى الوثائق التي يجري مسحها، أو يمكن شراء النسخة الكاملة من التطبيق لقاء دولار واحد.
  * وإن أردت الحصول على تطبيق يستطيع تحويل الصورة إلى نص يمكن تعديله، فيعد «بيرفيكت أو سي آر» Perfect OCR على أجهزة «آي أو إس» الذي يبلغ سعره أربعة دولارات أميركية خيارا جيدا، إذ إنه يلتقط صورا للوثائق ويتعرف على النصوص الموجودة فيها ويحولها إلى ملف نصي يمكن للمستخدم تعديله، ومن ثم حفظه كملف وتعديله في أي وقت لاحق.
  التطبيق جيد جدا بالنسبة للوثائق البيضاء والسوداء، ويستطيع التعرف على غالبية النصوص، ولكنه يخطئ أحيانا، ويجب على المستخدم تعديل بعض الكلمات التي تعرف التطبيق عليها، الأمر الذي يتطلب وقتا إضافيا من المستخدم. أضف إلى ذلك أن الوثائق المهمة تتطلب التأكد من النص كاملا ومقارنته بالنسخة الورقية قبل قبوله، تلافيا لأي أخطاء قد تكون مكلفة أو محرجة. ويمكن مشاركة الملف النهائي مع الآخرين عبر البريد الإلكتروني بضغطات قليلة على أزرار التطبيق.
  وفي الأجهزة التي تعمل بنظام التشغيل «أندرويد»، يستطيع تطبيق «غوغل درايف» Google Drive أداء بعض الحيل الممتازة بالنسبة لمسح الوثائق ضوئيا، إذ يستطيع التطبيق حفظ الصور الملتقطة على شكل ملفات صور أو ملفات «بي دي إف»، والتعرف على النصوص باستخدام تقنيات «غوغل» السحابية، وتخزين الوثائق سحابيا أيضا. إلا أن استخدام التطبيق ليس الأسهل، ويجب على المستخدم فتح الملفات النهائية في تطبيقات أخرى لتعديلها أو تحريرها، وليس من داخل التطبيق نفسه.",,SAFE,
134,ANAD,real,ar,,"رحلة مع الفنان المصري أحمد عبد العزيز: أبهرني الشعب الألماني بنظامه وفيينا بمعمارها وورودها   

أثرى الفنان المصري أحمد عبد العزيز الوجدان العربي من خلال أدواره الجادة في أعماله الفنية، ومن أشهرها مسلسلات «ذئاب الجبل» و«المال والبنون»، و«من الذي لا يحب فاطمة» و«الأب الروحي»، وفيلم «حارة برجوان» و«التحويلة» وغير ذلك. والسفر بالنسبة له إضافة حقيقية له على المستويين الإنساني والثقافي، كما يحمل له ذكريات طريفة. أما التسوق أثناء السفر فله معه حكايات يقول:
   - أحب السفر، فهو فرصة للاستمتاع كما للترفيه والتعلم، من حيث خوض تجارب حياتية جديدة، وبالتالي فهو يضيف لي الكثير، على المستويين الإنساني والثقافي. لا توجد دولة معينة أريد أن أعيد الكرة إليها، لأني أفضل التغيير، واكتشاف وجهات جديدة في كل مرة. من الدول التي استمتعت بزيارتها كثيراً إنجلترا، حيث أحرص على ارتياد مسارحها وحضور عروضها المتنوعة، ألمانيا أيضاً كانت اكتشافاً على المستوى الإنساني. أعجبتني طباع شعبها، واحترامهم للنظام العام والنظافة والوقت، وتقديس العمل. من المدن التي لا أنساها «فيينا»، لأنها كانت بالنسبة لي بمثابة متحف مفتوح. انبهرت بالطراز المعماري الكلاسيكي، واستوقفتني علاقة الناس بمدينتهم، وحرصهم على تحقيق التنسيق الحضاري حتى عند اختيار الزهور التي يزينون بها الشرفات.
   في فيينا قضيت أجمل الذكريات، أثناء تصوير مسلسل «ومن الذي لا يحب فاطمة». والحقيقة أن الرحلة كلها كانت ممتعة وطريفة، لأنها ضمت مجموعة مميزة من الفنانين مثل شيرين سيف النصر، وأحمد السقا وجيهان نصر. ولأول مرة سأروي ما تم في كواليس المسلسل: فقد فوجئنا في بداية الرحلة أن التصوير في فيينا لا بد أن ينتهي خلال أسبوع واحد بدلا من أسبوعين، لظروف إنتاجية، وهو ما نتج عنه حالة من الارتباك، وسبب استياء المخرج أحمد صقر. وهنا اقترحت عليه أن نطبق «أوردر مفتوح» للتصوير، بمعنى أن يستمر التصوير طوال اليوم!
   وكان من نتيجة ذلك أن كل منا كان يحمل حقيبة على ظهره لتغيير ملابسه في الأماكن المختلفة، وكنا نصور هنا وهناك، إلى حد أنه أثناء تناولنا الطعام في مكان ما لو أعجبنا كنا نقرر التصوير فيه. وقد أدى ذلك إلى تكوين صداقات قوية بين فريق العمل الذين جمعت بينهم ذكريات جميلة وأجواء أسرية ساهمت في النجاح الكبير الذي حققه المسلسل. لكن كانت لي أيضا مواقف صعبة في رحلات أخرى، منها مثلا رحلة إلى العراق لتصوير مشاهد من فيلم «بابل حبيبتي». كان ذلك أثناء الحرب العراقية الإيرانية، وتزامن حضوري فيها بضرب صاروخ على مدرسة ابتدائية، ورغم أنه لم يصب الأطفال لأنهم كانوا قد غادروا المدرسة قبلها بوقت قصير، فإن ذلك تسبب في قلق شديد في العراق، وبالطبع شعر فريق العمل، بالقلق من تجدد الهجمات الصاروخية. ولا أنكرك أننا عملنا في أجواء ترقب للأحداث. لكن الله سلم ولم يحدث وقتها شيء.
   عندما أكون في مصر، فإني أحب السفر إلى شرم الشيخ ودهب ونويبع، ورأس محمد والغردقة، فهي وجهات سياحية رائعة بشواطئها وجبالها وهوائها النقي. ولكم يستهويني منظر النجوم التي يمكن رؤيتها بوضوح هناك. أيضا أحب الإسكندرية رغم ازدحامها، إلا أنها تبقى محتفظة بجمالها كواحدة من أجمل المدن الساحلية. في السفر تختلف عاداتي اليومية، حيث أحرص على المشي طويلا، وركوب المواصلات العامة، حتى أشاهد الأماكن المختلفة، كما أكون أكثر حرصا على الاستيقاظ والنوم في وقت مبكر. لكن ليس لدي «طول البال» ولا الطاقة للتسوق، وإن كنت أضطر إليه من أجل أسرتي. أخصص له بعض الوقت، وغالبا ما أستعين بصديق مقيم في الدولة التي أكون فيها ليرشدني إلى أفضل أماكن التسوق.
   وقد وجدت في بانكوك على وجه التحديد، متعة في التسوق، نظرا للتنوع الواسع في أماكن التسوق، وهو ما يختصر الوقت والجهد. فكل شيء متاح أينما توجهتم، كل شارع تقريبا لا يخلو من بضائع مميزة، لا سيما فيما يتعلق بالمعدات الخاصة بالإصلاحات المنزلية، التي قد أضطر أحيانا إلى القيام بها بنفسي.
   بالنسبة للأكل، فإني أفضل المطبخ الإيطالي في السفر، لأنه مضمون ومطاعمه متوفرة، كما أنني أحب كل أنواع الباستا من اللازانيا إلى كانيلوني والفيتوتشيني والرافيولي، بالإضافات المختلفة ودونها مثل الصوص والثوم والسبانخ والجبن. أضف إلى ذلك البيتزا. هذا لا يعني أني أمانع في تجريب مطابخ أخرى، مثل الطعام المحلي للبلد الذي أكون فيه، أو المطبخ الأفغاني الذي أعجبني مذاقه للغاية، لا سيما الخبز والمشويات.",,SAFE,
135,ANAD,real,ar,,"فولكسفاغن تقلص شبكة موزعيها وتتوجه إلى التسويق الإلكتروني   

ضمن موجة لخفض تكاليف الإنتاج بين شركات السيارات الألمانية، أعلنت شركة فولكسفاغن أنها بصدد خفض شبكات التوزيع الأوروبية، والتوجه نحو التسويق الإلكتروني عبر الإنترنت. وتواجه الشركة أزمة تمويل مزدوجة من جراء تكلفة تعويضات فضيحة الديزل في أميركا من ناحية، وضرورة الاستثمار في التحول إلى السيارات الكهربائية من ناحية أخرى. وتحاول الشركة خفض تكاليف الشبكة الأوروبية التي يبلغ عدد الموزعين فيها نحو ثلاثة آلاف موزع بنسبة 10 في المائة. وقال يورغن ستاكمان مدير المبيعات في الشركة إن التوجه نحو تقليص العمليات مستمر حتى إشعار آخر ضمن هيكلية تسويق جديدة في الشركة. وسوف يتم التنسيق مع الموزعين بشأن شبكة التسويق الإلكترونية، وخفض عدد الموظفين لدى الموزعين.",,SAFE,
136,ANAD,real,ar,,"فعاليات ""موسم الرياض"" اليوم السبت 

 تتواصل لليوم الرابع والأربعين فعاليات موسم الرياض، حيث يقام اليوم السبت عدد من الفعاليات المتنوعة، ليتسنى لسكان العاصمة من جميع الأعمار والفئات الاستمتاع بها. ومن بين الفعاليات التي ستشهدها منطقة البوليفارد، عرض مسرحية ""وش أخبارك"" للفنان فايز المالكي، بينما يستمر عرض مسرحية ""الذيب في القليب"" للفنان ناصر القصبي في واجهة الرياض. ويبدأ معرض الرياض للسيارات بالجنادرية، اعتباراً من اليوم في استقبال الزوار مجاناً، ويشهد اليوم عروضاً مشوقة مثل ""مونسترجام"" و""بوليس أكاديمي"" وغيرهما، كما تتخلله مزادات السيارات الكلاسيكية والفارهة والمعدّلة وأحدث السيارات النادرة. وفي منطقة ""ونتر وندرلاند"" تتواصل العروض السينمائية، إضافةً إلى حديقة الثلج، وتجربة ""مارفل""، وغيرها. وانطلق موسم الرياض في 11 أكتوبر الماضي، وتُختتم فعالياته 15 ديسمبر المقبل، باستثناء مناطق وينتر وندرلاند والمربع والسفاري والثمامة التي ستمتد حتى 18 يناير، فيما تستمر فعاليات البوليفارد إلى نهاية مارس 2020.",,SAFE,
137,ANAD,real,ar,,"نصائح مهمة للتعامل مع الطعام خلال انقطاع الكهرباء 

 وجّهت الهيئة العامة للغذاء والدواء عددا من النصائح للمواطنين والمقيمين، تساعدهم في تبريد الطعام الخاص بهم في حال انقطاع الكهرباء، وذلك بهدف الحفاظ على سلامته. وأوضحت الهيئة أنه من الضروري عند انقطاع التيار الكهربائي التأكد من إغلاق أبواب الثلاجة والفريزر بشكل محكم، لأن ذلك يساهم في حفظ الطعام لمدة أطول تصل إلى 48 ساعة. وأضافت أنه عند انقطاع الكهرباء يحب وضع مقياس حرارة في الثلاجة للتأكد من أنها في النطاق الآمن لحفظ الطعام، والامتناع عن التأكد من صلاحية الطعام عن طريق تذوقه، وفي حال مواجهة الانقطاع المتكرر، يُنصح بالاحتفاظ بقوالب ثلجية لحفظ البرودة في الثلاجة والفريزر.",,SAFE,
138,ANAD,real,ar,,"«فيسبوك» يسعى الى بث قنوات تلفزيونية مقابل اشتراك 

 قالت مصادر في قطاع التكنولوجيا الأميركي، إنّ موقع التواصل الاجتماعي الأشهر في العالم «فيسبوك»، يجري محادثات مع شبكات التلفزيون مدفوعة الأجر، لبثّ محتواها عبر تطبيق «فيسبوك»، مقابل اشتراك مالي من المستخدمين. وذكر موقع «ريكود» المتخصّص في موضوعات التكنولوجيا، أن «فيسبوك» يجري محادثات في هذا الشّأن مع شبكات «إتش بي أو» و«شو تايم» و«ستارز» لبيع خدماتها عبر موقع التواصل الاجتماعي. وأشار موقع «سي نت دوت كوم» المتخصّص في موضوعات التكنولوجيا، إلى أنّ مشاهدة هذا المحتوى سيجري فقط من خلال تطبيق «فيسبوك» للهواتف الذكية أو خدمة «ووتش» لمشاهدة تسجيلات الفيديو بناء على طلب المستخدم. وذكر موقع «ريكود» أنّ هذه الخدمة الجديدة ستتاح خلال النّصف الأول من العام المقبل، في حال توصّل «فيسبوك» إلى اتفاق مع شبكات التلفزيون المعنية. جدير ذكره، أنّ «فيسبوك» يحاول على مدى السّنوات الثلاث الماضية، تعزيز موقعه في قطاع بثّ تسجيلات الفيديو حيث بدأ بإطلاق تطبيقات وخدمات لمنافسة «يوتيوب»، ولكنّ النتيجة لم تكن مرضية أبدا إذ لم يجذب برنامج «حديث المائدة الحمراء» الذي قدمته «جادا بينكيت سيمث» أكثر من 4.3 مليون مشاهد وهو أكبر برنامج بثه موقع «فيسبوك». في المقابل فإنّ إطلاق خدمة الفيديو الجديدة ستكون الأولى مدفوعة الأجر التي تقدمها شركة «فيسبوك».",,SAFE,
139,ANAD,real,ar,,"2.98 تريليون دولار أصول الصناديق السيادية العربية  

معطيات حديثة أن قيمة أصول صناديق الثروة السيادية العربية، ارتفعت في أغسطس الماضي بنسبة 1% أو ما يعادل 30 مليار دولار، إلى 2.98 تريليون دولار من 2.95 تريليون دولار سجلت في يونيو الماضي., جاء ذلك، بحسب مسح لوكالة ""الأناضول"" استند إلى أصول صناديق الثروة السيادية العربية المدرجة في تقرير (SWF Institute)، المتخصص في دراسة استثمارات الحكومات والصناديق السيادية حول العالم., ولا تحدث المؤسسة أرقامها بشكل شهري، بل بناءً على تغيرات أرقام الصناديق السيادية., وتصدر ""جهاز أبوظبي للاستثمار""، صناديق الثروة السيادية العربية، بإجمالي أصول بلغت 683 مليار دولار أميركي، فيما حل بالمرتبة الثالثة عالمياً., واحتل صندوق الكويت (هيئة الاستثمار الكويتية) الترتيب الثاني عربياً، والرابع عالمياً، بإجمالي أصول أجنبية عند 592 مليار دولار., وجاء صندوق مؤسسة النقد العربي السعودي، ثالثاً عربياً وخامساً عالمياً، بإجمالي أصول أجنبية بلغت 515.6 مليار دولار., واحتلت ""هيئة قطر للاستثمار"" المرتبة العاشرة عالمياً، بإجمالي أصول بلغت 320 مليار دولار., وارتفعت أصول صناديق الثروة السيادية التي يرصدها التقرير (78 صندوقًا)، إلى 8.02 تريليونات دولار في الشهر الماضي، مقابل 7.88 تريليونات دولار بحسب التقرير السابق في يونيو الماضي., وجاء صندوق التقاعد الحكومي النرويجي، في المرتبة الأولى عالمياً، بإجمالي أصول عند 1.058 تريليون دولار.",,SAFE,
140,ANAD,real,ar,,"لافروف: الصراع شمال سوريا سمح لداعش بالانتشار بكل أنحاء العالم 

وزير الخارجية الروسي، سيرغي لافروف، الأربعاء، إن الصراع في شمال سوريا سمح لعناصر ""داعش"" بالانتشار في كل أنحاء العالم., وأضاف لافروف، في منتجع سوتشي الروسي على البحر الأسود، أن موسكو ستشجع على تنفيذ الاتفاقيات بين دمشق والأكراد، مؤكداً أن الحوار بين الأكراد والنظام السوري يحقق نتائج ملموسة., وشدد على أن تصرفات التحالف الغربي في سوريا تدفع الأكراد نحو الانفصال., لافروف أضاف: ""سندعم التعاون الأمني بين سوريا وتركيا على الحدود""., وقال وزير الخارجية الروسي إن الدول التي توفر ملاذاً للإرهابيين الذين يغادرون سوريا يجب أن تتحمل المسؤولية عن أفعالهم., وفي وقت سابق، قال الكرملين إن الرئيس الروسي، فلاديمير بوتين، بحث في اتصال هاتفي مع نظيره التركي رجب طيب أردوغان، النزاع في سوريا، ودعاه لزيارة روسيا ""في الأيام القادمة""., وقال الكرملين إن ""فلاديمير بوتين دعا رجب طيب أردوغان لزيارة عمل في الأيام القادمة. وتم قبول الدعوة""، وفق البيان الذي أضاف أن الزعيمين أكدا ""ضرورة منع مواجهة بين الوحدات التركية والسورية"" في شمال سوريا، حيث تشن أنقرة هجوماً., وخلال المحادثة الهاتفية التي جاءت بمبادرة من تركيا، أكد الرئيسان أيضا على رغبتهما في الحفاظ على وحدة أراضي الجمهورية السورية، وفق الكرملين., وأشار بوتين خلال الاتصال الهاتفي إلى مخاوف بشأن ""سعي إرهابيين إلى الفرار والتسلل إلى دول مجاورة"" وسط العملية التركية ضد المناطق الخاضعة لسيطرة الأكراد في شمال سوريا.",,SAFE,
141,ANAD,real,ar,,"بعد إعلان فتح المطارات.. ""الاتحاد"" تستأنف رحلات ترانزيت 

شركة الاتحاد للطيران، ومقرها أبوظبي، تسيير رحلات ترانزيت من وجهات محددة اعتبارا من الـ10 من يونيو حزيران بعد أن أعلنت حكومة الإمارات إعادة فتح المطارات أمام حركة الترانزيت.وقالت الشركة المملوكة للحكومة، في بيان اليوم الخميس، إن الركاب من 20 مدينة في أوروبا وآسيا وأستراليا سيتمكنون من السفر في رحلات ترانزيت عبر أبوظبي., وعلقت الحكومة الإماراتية جميع رحلات الركاب الجوية في أواخر مارس آذار، لكن شركات الطيران سُمح لها فيما بعد بتشغيل خدمات نقل لأجانب من البلاد.وقالت في وقت متأخر من مساء أمس الأربعاء إن بمقدور ناقلات إماراتية، تشمل طيران الإمارات وفلاي دبي والعربية للطيران، استئناف رحلات الترانزيت.ولم يتضح بعد متى ستستأنف تلك الشركات هذه الخدمة.ويبقى الحظر قائما على دخول الأجانب للإمارات عدا من يحملون إقامة إماراتية لكن ذلك أيضا يتطلب موافقة الحكومة قبل العودة للإمارات.",,SAFE,
142,ANAD,real,ar,,"التجارة الصينية تفوق التوقعات في يونيو بدعم طلب قوي 

حققت الصين أرقاما تجارية أقوى من المتوقع في يونيو حزيران اليوم الخميس بدعم قوة الطلب العالمي على السلع الصينية وزيادة الإقبال على مواد البناء في الداخل غير أن القيود المحلية على الإقراض قد تؤثر على الواردات في وقت لاحق من العام.
 وأظهرت بيانات رسمية أن صادرات ثاني أكبر اقتصاد في العالم زادت 11.3 بالمئة على أساس سنوي في حين زادت الواردات 17.2 بالمئة ليتجاوز كلاهما توقعات المحللين.
 وفي حين استفادت الصادرات من الطلب القوي على الالكترونيات والسلع الصناعية فقد يفضي الفائض التجاري المتزايد وبخاصة مع الولايات المتحدة إلى توترات تجارية حيث يسعى الرئيس الأمريكي دونالد ترامب لتعزيز نشاط القطاع الصناعي ببلاده.
 ويقول المحللون إن المخاطر الاقتصادية والسياسية قد تقوض الكثير من الزخم التجاري القوي الذي شهدته الصين في النصف الأول من العام.
 وحققت الصين فائضا تجاريا بلغ 42.77 مليار دولار في يونيو حزيران وهو ما يتجاوز بقليل توقعات المحللين لتحقيق فائض 42.44 مليار دولار ويزيد على الفائض التجاري لمايو أيار البالغ 40.81 مليار دولار.
 وتوقع محللون استطلعت رويترز آراءهم زيادة شحنات يونيو حزيران من أكبر مصدر في العالم 8.7 بالمئة تماشيا مع النمو المسجل في مايو أيار. وكان من المتوقع زيادة الواردات 13.1 بالمئة في تباطؤ طفيف عن زيادة قوية لم تكن متوقعة في مايو أيار بلغت 14.8 بالمئة.
 وزادت الصادرات المقومة باليوان 15 بالمئة على أساس سنوي في الفترة من يناير كانون الثاني حتى يونيو حزيران في حين قفزت الواردات 25.7 بالمئة في نفس الفترة.
 وأظهرت البيانات الرسمية أن الفائض التجاري للصين مع الولايات المتحدة سجل 25.4 مليار دولار في يونيو حزيران ارتفاعا من 22 مليار دولار في مايو أيار وهو أعلى فائض تجاري منذ أكتوبر تشرين الأول 2015 وفقا لحسابات رويترز.",,SAFE,
143,ANAD,real,ar,,"آبل تبدأ إنتاج سماعات الرأس 

شركة الإلكترونيات الأمريكية العملاقة آبل إنتاج سماعات الرأس لتدخل في سوق تنافسية تسيطر عليها شركات مثل بوس كورب وسوني كورب، في حين توسع الشركة الأمريكية وجودها في سوق الملحقات لتحقيق إيرادات إضافية من خلال بيع مستلزمات هاتفها الذكي آيفون، وذلك بحسب الألمانية. وأشارت وكالة بلومبرج للأنباء إلى أن سعر سماعة رأس آبل يبلغ 550 دولار وتتضمن  خاصية العمل اللاسلكي ومانع الضوضاء. وقد بدأ بيع السماعة اليوم الثلاثاء على أن يتم تسليمها للعملاء اعتبارا من 15 كانون أول/ديسمبر الحالي. وتروج آبل لجودة صوت سماعتها مع التي تحتوي على وحدات أذن محورية دوارة، ويمكنها العمل لمدة عشرين ساعة قبل الحاجة إلى إعادة الشحن. وتعمل سماعة رأس آبل مع المساعد الرقمي الشخصي الذي يعمل بالأوامر الصوتية سيري  مع إمكانية التحكم فيها عبر أزرار حقيقية باسم ديجيتال كراون، وهي نفس آليات التحكم في ساعة آبل الذكية آبل ووتش. وتتوافر السماعة بعدة  ألوان منها الرمادي والفضي والأزرق والأخضر والوردي. وتعتبر سماعة آبل الأغلى في السوق وتنافس أغلى السماعات التي تقدمها  سوني وسنهايزر ودولبي",,SAFE,
144,ANAD,real,ar,,"وظائف للمواطنين في 5 مجالات بهيئة الطيران المدني 

أعلنت هيئة الطيران المدني على لسان المتحدث باسمها إبراهيم الروساء عبر حسابه بموقع «تويتر» عن توفر وظائف شاغرة للسعوديين بالهيئة. وقالت الهيئة إن «الوظائف المتاحة تتضمن أخصائي مكتب تحقيق الرؤية، مدير إدارة التغيير، أخصائي تعاون دولي، مدير مكتب تحقيق الرؤية، أخصائي تخطيط استراتيجي».البرنامج الوطني لأمن الطيرانأعلنت الهيئة عن إصدار التحديث الرابع من البرنامج الوطني لأمن الطيران المدني، والذي يأتي وفق المستجدات الأمنية وما يصدر عن المنظمة الدولية للطيران المدني من تحديثات في الأنظمة والتشريعات الدولية.ويُعد البرنامج دليلا مرجعيا لجميع القطاعات المنفذة لإجراءات أمن الطيران بالمملكة، بهدف تحقيق حماية عمليات الطيران المدني والمسافرين والعاملين من أفعال التدخل الغير مشروع، وهو أحد الالتزامات الدولية الناشئة من اتفاقية الطيران المدني «شيكاغو 1944».ويهدف البرنامج إلى توفير الحماية لطـائرات شركات الطيران التجارية وعمليات المطارات ضد أفعال التدخل غير المشروع، وتأمين الحماية الأمنية والفاعلية اللازمة لعمليات الطيران المدني داخل الحدود السعودية من خلال توفير كل مقومات الحماية من أفعال التدخل غير المشروع الموجه ضد مصالح المملكة المرتبطة بالطيران المدني، إلى جانب تحديد قواعد الأمن المطبقة في مطارات المملكة، وتحديد مسؤوليات الجهات الحكومية والأمنية في المطار وتنظيم العلاقة فيما بينها.كما يهدف البرنامج إلى توفير الحماية اللازمة لعمليات الناقل الوطني، وكذلك الحماية الأمنية لمباني المطارات والمرافق الخاصة بالطيران المدني والممتلكات والمواقع الحيوية المهمة التابعة للمطار، إضافة إلى توفير حماية أمنية بما يحقق سلامة الركاب والملاحين الجويين وسلامة الجمهور والأشخاص العاملين في المواقع الأرضية ممن يستخدمون مرافق المطارات.محاور التحديث الثالثومن أبرز محاور البرنامج توزيع الأدوار والمسؤوليات الأمنية بين الجهات الأمنية والشركات المشغلة ووضع المتطلبات اللازمة، وتنسيق خطط الطوارئ الأمنية، والتدريب، وجودة أمن الطيران، والإجراءات الأمنية، وكذلك تعريف الاتفاقيات والالتزامات الدولية.يذكر أن الهيئة العامة للطيران المدني قد أنشأت البرنامج الوطني لأمن الطيران، لتنظيم جميع أنشطة أمن الطيران بالمملكة، وذلك بناءً على نظام الطيران المدني وعلى الملحق السابع عشر لاتفاقية الطيران المدني الدولي «شيكاجو 1944».وقد أُصدر التحديث الثالث من البرنامج عام 2011 حيث يتم في كل إصدار تحديثه وتطويره وفقاً للمستجدات الأمنية بهدف المساهمة في خلق بيئة طيران مدني آمنة ومرنة.أهداف برنامج أمن الطيران المدني * توفير الحماية لطـائرات شركات الطيران التجارية وعمليات المطارات* تأمين الحماية الأمنية والفاعلية اللازمة لعمليات الطيران المدني داخل الحدود السعودية* تحديد قواعد الأمن المطبقة في مطارات المملكة* تحديد مسؤوليات الجهات الحكومية والأمنية في المطار",,SAFE,
145,ANAD,real,ar,,"ترمب: أوقفت الضربة العسكرية على إيران قبل موعدها بـ10 دقائق 

قال الرئيس الأميركي، دونالد ترمب، إنه ليس مستعجلا بشأن التعامل مع إيران، وذكر الرئيس الأميركي، أن طهران لن تحصل على أسلحة نووية أبدا، وأن هناك عقوبات جديدة تم فرضها، وأضاف كنا جاهزين لضرب 3 مواقع عسكرية في إيران، وأوقفت الضربة العسكرية قبل موعدها بـ10 دقائق، بعد أن قيل لي إن مدنيين سيقتلون فيها، وكذلك لأن الرد لن يكون متناسبا مع إسقاط طائرة مسيرة.",,SAFE,
146,ANAD,real,ar,,"فيروس كورونا: نصائح من متعاف مصري عن الطريقة التي هزم بها السرطان ثم كورونا 

تعرف أن أحد زملائك أصيب بفيروس كورونا هو أمر صادم، لكن وقع هذا الخبر يكون أكبر إذا كان هذا الزميل تعافى قريبا من مرض كالسرطان. , شفي زميلنا في بي بي سي إبراهيم زهران، الذي عانى لسنوات من سرطان الرئة،  من  فيروس كورونا مؤخرا., أحمد زكي الصحفي في بي بي سي حاور إبراهيم عن تجربته، وعن الطريقة التي تغلب بها الأخير على السرطان وكورونا.",,SAFE,
147,ANAD,real,ar,,"ترامب يعفو عن 4 مسجونين من شركة بلاك ووتر أدينوا بقتل 14 مدنيا عراقيا 

أصدر الرئيس الأمريكي دونالد ترامب عفواً عن أربعة حراس أمن من شركة ""بلاك ووتر"" للخدمات الأمنية الخاصة كانوا يقضون عقوبات بالسجن لقتلهم 14 مدنيا عراقيا، بينهم طفلان، في بغداد عام 2007، في مذبحة أثارت احتجاجا دوليا على استخدام المرتزقة في الحرب., وانتقد العراق بشدة قرار العفو قائلا إنه لم يأخذ بالإعتبار خطورةِ الجريمة المرتكبة ولاينسجم مع التزام الإدارة الأمريكية المُعلن بقيم حقوق الانسان والعدالة وحكم القانون، ويتجاهل بشكل مؤسف كرامة الضحايا ومشاعر وحقوق ذويهم., وكان الحراس الأربعة، وهم بول سلاو، وإيفان ليبرتي، وداستن هيرد، ونيكولاس سلاتن، مشاركين في قافلة مدرعة أطلقت النار بشكل عشوائي على حشد من المدنيين العزل في ساحة النسور في العاصمة العراقية., وأُدين سلاو وليبرتي وهيرد بتهم متعددة تتعلق بمحاولة القتل العمد في عام 2014، بينما أدين سلاتن، الذي كان أول من بدأ إطلاق النار، بارتكاب جريمة قتل من الدرجة الأولى. وحُكم عليه بالسجن المؤبد، بينما حكم على الآخرين بالسجن 30 عاما لكل منهم., وعقب الإعلان عن العفو مساء الثلاثاء، علق محامي أحد المتهمين الأربعة الذين عفي عنهم بالقول: ""لم يكن بول سلاو وزملاؤه يستحقون قضاء دقيقة واحدة في السجن""., وهذا هو أحد قرارات العفو التي منحها ترامب للعسكريين من الأمريكيين والمتعاقدين مع الجيش الأمريكي، المتهمين أو المدانين بارتكاب جرائم ضد أشخاص غير مقاتلين ومدنيين في مناطق الحرب., وكان ترامب قد أصدر في نوفمبر/تشرين الثاني من العام الماضي، عفوا عن قائد كوماندوز سابق في الجيش الأمريكي كان من المقرر أن يمثل للمحاكمة بتهمة قتل صانع قنابل أفغاني مشتبه به، وملازم سابق في الجيش أدين بالقتل، لأنه أمر رجاله بإطلاق النار على ثلاثة أفغان., وقالت الحكومة العراقية إنها ستتابع الأمر مع حكومة الولايات المتحدة الامريكيّة عبر القنوات الدبلوماسيّة لحثّها على إعادة النظر في هذا القرار., ماذا حدث في ساحة النسور؟, أكد ممثلو الادعاء أن قافلة بلاك ووتر، التي كانت مدججة بالسلاح، شنت هجوما غير مبرر باستخدام نيران القناصة والمدافع الرشاشة وقاذفات القنابل اليدوية., وقال محامو الدفاع إن موكليهم ردوا بإطلاق النار بعد تعرضهم لكمين من مسلحين عراقيين., وقالت الحكومة الأمريكية آنذاك في مذكرة قُدمت بعد صدور الحكم: ""لم يكن أي من الضحايا متمردا أو يشكل أي تهديد للقافلة""., كما تضمنت المذكرة  - بحسب ما ذكرته صحيفة الغارديان البريطانية   - أقوال أقارب الضحايا، ومن بينهم محمد الكناني، الذي قُتل ابنه علي البالغ من العمر تسع سنوات., وقال الكناني ""ذلك اليوم غير حياتي إلى الأبد. لقد دمرني تماما""., وأقر عقيد متقاعد في الجيش الأمريكي بأن ما وصفها بالمذبحة كانت ""استخداما مفرطا للغاية للقوة"" و ""غير مناسب تماما لكيان وظيفته الوحيدة هي توفير الحماية الشخصية لشخص ما في عربة مصفحة""., وقالت بلاك ووتر بعد الإدانات إنها ""شعرت بالارتياح لأن نظام العدالة أكمل تحقيقه في مأساة وقعت في ميدان النسور في عام 2007""., وأضافت أنها بعد أن تحولت إلى شركة اسمها أكاديمي استثمرت بكثافة في برامج تدريب الموظفين على الامتثال للأخلاقيات وبجميع قوانين الحكومة الأمريكية والحكومات المحلية.",,SAFE,
148,ANAD,real,ar,,"فوائد القهوة الصحية 

 القهوة هي المشروب المفضل لدى الكثيرون، حيث يحرص الجميع على تناولها بكثرة خاصة في الصباح الباكر للحصول على قدر كافي من النشاط والحيوية لبدء يوم جديد، وهناك الكثير من الأنواع للقهوة مثل القهوة البرازيلية التي تؤخذ من البن البرازيلي الطازج وكذلك القهوة العدنية المصنوعة من البن العدني ذو الحبات الصغيرة الغير متساوية في الحجم، وقد حرص القدماء على زراعة القهوة وتناولها بعد أن وجدوا فيها التأثير السحري على الجسم، فهي تمنح الجسم الطاقة والنشاط والحيوية لذلك اخترنا أن نحدثكم اليوم عن فوائد القهوة المذهلة.  تعرف على فوائد القهوة على صحتك للقهوة الكثير من الفوائد الصحية التي تتمثل في كونها تساهم في عملية تنشيط الجهاز العصبي بشكل عام، كما أثبتت الالدراسات والأبحاث أن القهوة تساعد على منح الجسم الاحساس بالنشاط وتعديل مستوى السكر في الدم ومن أهم الفوائد الشائعة للقهوة ما يلي:  تعمل القهوة على تحفيز وتنشيط المخ، وهي أيضًا تمنح الجسم الطاقة والحيوية واليقظة نظرًا لكونها تساعد على إفراز الدوبامين المسئول عن الشعور بالراحة والسعادة، كما أنها تخلصك من الضغوط والمشكلات النفسية وتحمي من الإصابة بمرض الزهايمر وتفيد خلايا المخ بشكل كبير.   القهوة وصحة البشرة
  تساعد القهوة على شد البشرة والتخلص من التجاعيد كما أنها تساهم في القضاء على الجلد الميت وتترك البشرة نقية وصافية، ويتم تحضيرها عن  طريق تجميدها في الفريزر في مكعبات صغيرة ومن ثم يتم استخدام هذه المكعبات على  الوجه وتحريكها على البشرة بشكل دائري لعدة دقائق ثم شطفها جيدًا بالماء العادي.  علاج السيلوليت
  يعتبر السيلوليت من أهم المشكلات الشائعة التي تواجه الجميع، وقد أثبتت الدراسات المختلفة أن الكافيين الموجود في القهوة يساعد على التخلص من الخلايا الدهنية الموجودة في الجسم وبالتالي يساعد على  علاج السيلوليت بفعالية، ويتم استخدام القهوة في ذلك عن طريق فرك المنطقة التي تحتوي على سيلوليت بالقهوة الناعمة.  الوقاية من سرطان الجلد
  اكتشف العلماء أن فرك الجسم بالقهوة من شأنه أن يساعد على تخليص الجسم من الآشعة الشمسية الضارة ومنعها من اختراق الجلد والتسبب في الإصابة بسرطان الجلد، لذلك فالقهوة تعتبر مادة واقية طبيعية تحمي من الإصابة بالسرطان لذلك ينصح باستخدامها على البشرة والجلد مباشرة للحصول على  أقصى استفادة.  علاج تساقط الشعر
  يشتكي الرجال والنساء من مشكلة تساقط الشعر فهي مشكلة عصرية تواجه الجميع، وقد اثبتت القهوة  فعاليها في علاجها لما تحتوي عليه من خصائص مقاومة للصلع كما أنها تساعد على تحفيز نمو الشعر بشكل صحي وقوي وذلك بفضل مادة الكافيين التي تعيق نشاط الهرمون المتسبب في حدوث تساقط الشعر وضعف  بصيلاته، كما أن القهوة تمنح الشعر اللمعان والليونة الطبيعية.  مطهر طبيعي للكبد
  من العجيب أن نجد أن الكافيين يدخل في علاج أمراض الكبد المختلفة ويعتبر من العناصر الضرورية التي تستخدم في عملية تطهير الكبد من السموم الفيروسات، كما أنها تؤخذ على هيئة حقنة شرجية لتطهير الكبد والقولون وتخليصهم من البكتيريا والسموم.  الوقاية من تسوس الاسنان
  تحتوي القهوة على مادة تسمى العفص وهذه المادة تساعد على تخليص الاسنان من الجير والرواسب المتكونة على الاسنان وبالتالي تحميها من التسوس وتخلصها من البكتيريا الضارة التي تضعفها وتسبب اصفرارها المستمر.  تحسين عمل الذاكرة
  تساعد القهوة على تحسين عمل الذاكرة وتقويتها وتساهم في تحسين وظائف الإدراك والتركيز والانتباه.  القضاء على  الهالات السوداء
  يساعد الكافيين الموججود في القهوة على علاج الهالات السوداء الموجودة تحت العينين، لذلك ينصح الأطباء بضرورة وضع الكافيين البارد تحت العينين للتخلص الفعال من الهالات السوداء.   خاتمة هناك الكثير من الفوائد الصحية الرائعة للقهوة، وذلك هو ما يدفع الأطباء لنصح المرضى بتناولها، ولكن على الرغم من  كل هذه الفوائد إلا أنها قد تتسبب في حدوث نتائج عكسية إذا تم الإفراط في تناولها، لذلك لابد من الاعتدال في تناول القهوة للحصول على الاستفادة القصوى دون التعرض للاضرار الصحية.",,SAFE,
149,ANAD,real,ar,,"شرح كيفية الشراء من الإنترنت 

 شبكة الإنترنت لم تتيح فقط تواصل الناس مع بعضهم البعض والحصول على المعرفة، بل أتاحت أيضاً إمكانية شراء المنتجات بسهولة من كافة أنحاء العالم بدلاً من الشراء فقط من المتاجر المتواجدة في مدينتك. هناك عشرات الألاف من المتاجر الإلكترونية التي من خلالها يمكنك شراء كل ما يخطر في بالك إبتداءً من الأجهزة الإلكترونية، الملابس، الأثاث وإنتهاءً بالمواد الغذائية، وكل ما عليك القيام به هو البحث في المتاجر والمقارنة بين الأصناف، والشراء وأنت في منزلك. غالبية المتاجر الإلكترونية تقوم بتوصيل المنتجات إلى العملاء خلال إسبوعين بحد أقصى وذلك بإختلاف وسيلة الشحن التي يقوم العميل بإختيارها، حيث هناك وسائل شحن سريعة وأخرى بطيئة والأمر يعود بنهاية المطاف إلى القيمة المدفوعة. وللشراء من المتاجر الإلكترونية، يحتاج مستخدمي الإنترنت القيام بمجموعة من الخطوات الأساسية التي تؤهلهم للشراء من الإنترنت، وفي هذه المقالة سنستعرض كافة الخطوات. ماذا أحتاج للشراء من الإنترنت؟ بطاقة إئتمانية / بطاقة إنترنت للشراء من المتاجر الإلكترونية، أنت بحاجة لبطاقة إئتمانية للدفع مقابل المشتريات التي تقوم بها، ومن الممكن الحصول على هذه البطاقة من البنك الذي تتعامل معه، وهناك مجموعة مسميات لهذه البطاقات، حيث بعض البنوك تطلق عليها بطاقة إنترنت، وبنوك تطلق عليها بطاقة تسوّق وبنهاية المطاف الهدف من هذه البطاقة هو الدفع مقابل المشتريات عبر الإنترنت، وكافة هذه البطائق بإختلاف مسمياتها مصدرها شركتي ماستر كارد وفيزا كارد. عنوان بريدي محلي / دولي عند الشراء، تقوم المتاجر الإلكترونية بشحن المنتجات الخاصة بك إلى بريدك المحلي المتواجد في مدينتك في حالة كان المتجر يدعم الشحن المباشر، لكن في حالة عدم دعم الشحن المباشر، أنت بحاجة إلى عنوان بريدي دولي في مجموعة من الدول كالولايات المتحدة الأمريكية، بريطانيا والصين على سبيل المثال، بحيث إذا إشتريت منتج من متجر إلكتروني أمريكي، يقوم بالشحن إلى عنوانك الأمريكي وقس هذا الأمر على كافة المتاجر العالمية، ومن الممكن الحصول على عنوان بريدي دولي بواسطة شركات إعادة التوجيه، التي تعمل كوسيط بينك وبين المتاجر الإلكترونية لإستقبال المنتجات الخاصة بك في عناوين البريد الدولية، ثم إعادة شحنها إلى عنوانك المحلي. وهناك مجموعة من شركات إعادة التوجيه التي تدعم الخليج والشرق الأوسط مثل شركة  MYUS وشركة  Fishisfast التي تمنح العملاء مجموعة متكاملة من عناوين البريد في مجموعة من الدول مقابل رسوم سنوية. كيف أشتري من المتاجر الإلكترونية؟  هناك العديد من المتاجر الإلكترونية التي من الممكن الشراء منها، سواءً متاجر عالمية أو حتى متاجر محلية في دولتك. وكأمثلة على المتاجر العالمية، هناك متجر أمازون، متجر إيباي، متجر علي بابا، بينما المتاجر المحلية هناك متجر سوق.كوم، متجر وادي ومتجر نمشي. الشراء من متجر أمازون للشراء من متجر أمازون، أنت بحاجة إلى إنشاء حساب في المتجر تماماً كأي حساب أخر أنشأته من قبل، ومن المهم أن نٌشير إلى أنك ستقوم بإنشاء الحساب في المتجر بعد حصولك على عنوان البريد لإضافته ضمن المعلومات الخاصة بك. وكمثال، إخترنا المساعد الصوتي  Echo Dot كمنتج قمنا بشرائه، وبالضغط على زر ""Add to Cart"" نكون أضفنا المنتج إلى السلّة، وبالضغط على الزر، ستظهر نافذة منبثقة بها معلومات عن المنتج، إضغط على زر ""Continue"" للمتابعة عملية الشراء.ستظهر صفحة جديدة كُلياً، بها معلومات عن المنتج، القيمة وبالضغط على زر ""Proceed to chechout"" سيتم فتح صفحة بما معلومات الشحن الخاصة بك التي قمت بإضافتها عند إنشاء الحساب.بعد القيام بكافة هذه الخطوات، سيتم خصم قيمة المنتج من البطاقة الإئتمانية الخاصة بك التي قمت بربطها بالمتجر الإلكتروني عند إنشاء الحساب، وسيتم شحن المنتج في مدة أقصاها إسبوع ويمكنك الإطلاع على فترة الشحن ضمن وصف المنتج. الشراء من متجر سوق.كوم تماماً كعملية الشراء من متجر أمازون، أنت بحاجة إلى إنشاء حساب في متجر سوق.كوم أو أي متجر أخر تريد الشراء منه، وإضافة المعلومات الخاصة بك سواءً معلومات البطاقة الإئتمانية للدفع، ومعلومات الشحن المحلية أو الدولية لشحن المنتجات التي قمت بشرائها. وبعد إنشاء الحساب، يمكنك إختيار المنتج الذي تريده، فعلى سبيل المثال إخترنا آيفون 7، وبالضغط على زر ""أضف إلى العربة"" سيتم إضافة المنتج إلى سلّة المشتريات.  وبالتوجّه إلى سلة المشتريات، يمكنك الإطلاع على كافة المعلومات عن العملية، بما في ذلك عنوان الشحن الخاص بك مع إمكانية تعديله، و زر الشراء، وتستغرق العملية إسبوع بحد أقصى ليصل المنتج إلى عنوانك البريدي، أو إلى منزلك.  كافة المتاجر الإلكترونية تتعامل مع شركات الشحن كأرامكس وفيدكس لشحن المنتجات إلى العملاء، وأحياناً يمكنك إختيار شركة الشحن المناسبة لك خصوصاً عند إعادة توجيه المنتج بواسطة شركات إعادة التوجيه، بينما بعض المتاجر الإلكترونية تتعامل حصراً مع شركة شحن معينة.  ومن الممكن أيضاً شراء المنتجات الغير ملموسة، مثل الكتب الإلكترونية، حيث هناك العديد من المتاجر الإلكترونية المختصة بالكتب، بحيث من الممكن الشراء تماماً كالشراء من أمازون لكن المنتج يُرسل إلى المستخدم كرابط لتحميل الكتاب. الشراء من المتاجر الإلكترونية أصبح أمر إعتيادي بالنسبة للكثير من مستخدمي شبكة الإنترنت حول العالم، وإزدهرت التجارة الإلكترونية في الخليج ومنطقة الشرق الأوسط في السنوات القليلة الماضية، حيث من المتوقع أن تتجاوز المبيعات عبر المتاجر الإلكترونية حاجز الـ200 مليار دولار سنوياً بحلول العام 2020. وهناك الكثير من عمليات الإستحواذ على المتاجر الإلكترونية، كأمازون التي دخلت رسمياً إلى سوق الشرق الأوسط بإستحواذها على سوق.كوم في الشهر الحالي، ومن المتوقع أن نرى قريباً إطلاق متجر نون، الذي يصنف بأنه أكبر متجر إلكتروني، على مستوى الشرق الأوسط.",,SAFE,
150,ANAD,real,ar,,"تعرف على حديقة تشيبوداس الوطنية في إندونسيا 

 تعتبر حديقة تشيبوداس الوطنية (kebun raya cibodas) مقصداً سياحياً مميزا في منطقة جاوة الغربية بإندونسيا، وهي حديقة نباتية تقع علي منحدرات سفوح جبل غيدي، يزور الحديقة سنوياً جوالي 500.000 إلي 700.000زائر كل عام.  تقع الحدائق النباتية الكبيرة سيبوداس علي بعد 4 كم أسفل ممر بونكاك ، امتداد للحدائق النباتية بوجور، بنيت خصيصاً لزراعة النباتات  شبه الإستوائية ، تغطي حدائق سيبوداس مساحة 85 هكتارا ، وتقع عند مدخل جبل حديقة جيدي بانجرانغو الوطنية علي أرتفاع 1300 متر إلي 1425 متر فوق مستوي سطح البحر. تاريخ حديقة سيبوداس تأسست الحديقة النباتية تسيبوداس في عام 1862 من قبل عالم النبات يوهانس إلياس تيسجمان، وتعد حديقة تسيبوداس الآن واحدة من أربع حدائق نباتية أندونسية، وهي جزء من المعهد الإندونيسي للعلوم، وتقع الحديقة علي بعد 45 كم جنوب شرق بوجور، أو 100كيلو متر جنوب شرق جاكرتا. في عام 1977 أصدر اليونسكو قرارا بأن حديقة تشيبوداس إحدي المحميات النباتية في إندونسيا. المناخ في حديقة شيبوداس متوسط درجة حرارة حديقية تسيبوداس خلال شهور العام حوالي 20.6 درجة مئوية، ومتوسط الرطوبة80.825%. ماذا يوجد داخل حديقة سيبوداس؟ تنوع نباتي هائل مذهل ومدهش تتميز حديقة سيبوداس بتنوع نباتي هائل حيث يوجد بها 1.293 نوعاً من النباتات، و144 نوعا من الأشنات، و1.826 نوع من الأعشاب، وتعتبر حديقة سيبوداس مركز للحفظ والبحث والتعليم عن البيئة بجانب كونها مكاناً مثالياً للسياحة والإسترخاء. يوججد بالحديقة 320 شجرة سحلبية استزرعت في بساتين الفاكهة، و289 من الصبار، و22 نوع من النباتات العصارية، و216 نوع من الطحالب، و103 من السرخس. من بين أبرز المجموعات بحديقة سيبوداس النباتية هي حدائق الأزهار والصبار والخيرزان والنخيل والصنوبريات والفربيون والميرتاسي، ومجموعة كبيرة من النباتات الأندونسية التي تستحق المشاهدة وتشمل بساتين الفاكهة والسرخس والبلوط الاندونيسي والكستناء. كانت حديقة تسيبوداس هي المكان الأول الذي استزرع فيه أشجار الكينا في إندونيسيا في عام 1854، الأشجار الأصلية جلبت إلي جاوة بواسطة يسطس كارل هاسكارل عالم النباتات اللاتيني، وجربت بنجاح في الحديقة، ويوجد بالحديقة نباتات غريبة عن تربة إندونسيا مثل أوكاليتوس من أستراليا، والصنوبريات من أوربا وغيرها من النباتات التي تم زراعتها في الحديقة. أقسام الحديقة تنقسم المجموعات الزراعية إلي أقسام يعيش بعضها في الهواء الطلق وقسم داخل محميات زراعية، القسم الداخلي يضم النباتات داخل البيوت الزجاجية، بما في ذلك الصبار وبساتين الفاكهة، وتنقسم النباتات الخارجية إلي قسم حديقة ساكورا، وحديقة الطحالب، حديقة رودودندرون، حديقة نبات السرخس، حديقة الطب، ومؤخراً تم افتتاح حديقة بيت نابنط والتي تحتوي علي 55 نوعاً طبيعياً وحوالي 47 نوع هجيني. استمتع بشلالات حديقة سيبوداس وكأن حديقة سيبوداس تصر علي إبهار زوراها بتنوعها ليس النباتي فقط ولكن أيضاً يوجد بالحديقة  مجموعة متنوعة من الشلالات بعضها طبيعي والآخر من صنع الإنسان ، مثل شلال شياسمون وشلال تشبوقو وشلال تشي بيريم، وتحتوي علي فندق صغير ومطعم ومسجد ومحلات لبيع النباتات.  كيف تصل إلي حديقة سيبوداس؟ - أحدثائيات حديقة تشيبوداس الوطنية (قوقل ماب) يمكنك السفر إلي المنطقة الجبلية من بونكاك، سيبوداس أو سيباناس عن طريق سيارة خاصة أو سيارة أجرة أو حافلة سياحية، تستغرق المسافة ساعة من جاكرتا إلي سيبوداس خلال أيام الأسبوع، لكن أيام العطلة الأسبوعية قد تستغرق المسافة أكثر من ذلك نظراً للإزدحام، يمكنك اختيار أي يوم لزيارة الحديقة بعيدا عن يوم الجمعة والسبت والعطلات الرسمية وعطلات المدارس لتتجنب الإزدحام. الوقت المناسب لزيارة حديقة تشيبوداس يعتبر شهر يناير إلي فبراير وأغسطس إلي سبتمبر هي الأشهر المناسبة لزيارة الحديقة، لأن في هذا التوقيت من كل عام تتفتح زهور الكرز، وتكون حديقة ساكورا في أبهي أشكالها. حديقة شيبوداس مثالية للأسرة إن كنت ستخرج في منفرداً أو في نزهة عائلية فإن حديقة سيبوداس هي وجهتك المثالية، لاسيما إن كان معك أطفال، فيمكنك أن تلعب الكرة أو تركب الخيل داخل الحديقة، كما يوجد بالحديقة أماكن لبيع المشروبات والوجبات الحفيفة، ومواقف للسيارات وصناديق للقمامة والمراحيض.",,SAFE,
